Фраза,кол-во фраз в группе,"""!"" [YW]",Категория
сертификация продукции,12,23073,услуга + продукт
сертификат халяль,6,8019,услуга + продукт
декларация программа,2,5184,услуга + продукт
декларация пакеты,2,5112,услуга + продукт
сертификат крошки,3,4721,услуга + продукт
сертификат на продукцию,10,3845,услуга + продукт
сертификат алкогольные,3,3618,услуга + продукт
сертификат электродвигателя,3,3570,услуга + продукт
сертификат изоляторов,2,3147,услуга + продукт
декларация клапана,2,2734,услуга + продукт
сертификат магнит,8,2661,услуга + продукт
декларация кабель,2,2659,услуга + продукт
сертификат мармелады,4,2595,услуга + продукт
декларация сырья,14,2555,услуга + продукт
сертификация одежды,16,2503,услуга + продукт
сертификат на детские товары,8,2340,услуга + продукт
сертификат на гостиницу,5,2299,услуга + продукт
сертификация пищевой продукции,15,2207,услуга + продукт
декларация вентилятор,6,2106,услуга + продукт
сертификация автоматического,2,2094,услуга + продукт
сертификат ремня,3,2047,услуга + продукт
сертификация производства,5,1991,услуга + продукт
сертификация халяль,3,1955,услуга + продукт
сертификат на бетон,10,1919,услуга + продукт
сертификация косметики,5,1912,услуга + продукт
сертификаты на принтеры,7,1909,услуга + продукт
декларация стали,2,1871,услуга + продукт
сертификат на косметику,3,1858,услуга + продукт
декларация сейфы,2,1825,услуга + продукт
сертификация белья постельного,7,1758,услуга + продукт
сертификат на мясо,5,1609,услуга + продукт
сертификация нижнего белья,3,1580,услуга + продукт
сертификат колбасы,9,1537,услуга + продукт
сертификат битумная мастика,6,1535,услуга + продукт
сертификация мебели,9,1494,услуга + продукт
сертификат пружины,2,1483,услуга + продукт
сертификат на электроды,5,1474,услуга + продукт
сертификат на ручки,5,1467,услуга + продукт
сертификат на кофе,8,1396,услуга + продукт
сертификат лента,2,1384,услуга + продукт
сертификат на нож,5,1326,услуга + продукт
сертификат на нижнее бельё,38,1325,услуга + продукт
сертификат на обувь,4,1316,услуга + продукт
сертификация автосервиса,5,1300,услуга + продукт
сертификат на арматуру,4,1279,услуга + продукт
сертификация услуг,4,1252,услуга + продукт
сертификаты на строительные материалы,8,1246,услуга + продукт
сертификат уайт спирит,3,1224,услуга + продукт
сертификат на отель,6,1200,услуга + продукт
декларация колбаса,3,1182,услуга + продукт
сертификация программного обеспечения,5,1157,услуга + продукт
сертификат на цемент,5,1094,услуга + продукт
сертификация обуви,8,1091,услуга + продукт
сертификат на мёд,4,1090,услуга + продукт
сертификация игрушек,5,1045,услуга + продукт
декларация кнопка,2,1024,услуга + продукт
декларация моющие средства,4,1024,услуга + продукт
декларация подушки,5,1020,услуга + продукт
сертификат на щебень,5,999,услуга + продукт
сертификация услуг общественного питания,2,998,услуга + продукт
сертификация светильников,2,978,услуга + продукт
сертификат на бады,6,954,услуга + продукт
сертификат лайм,3,945,услуга + продукт
сертификация средств измерений,13,937,услуга + продукт
сертификат меча,2,935,услуга + продукт
сертификат на автокресло,8,906,услуга + продукт
сертификат бюстгальтера,4,906,услуга + продукт
сертификат на калькулятор,2,898,услуга + продукт
сертификат сертификат пожарной безопасности на линолеум,2,],услуга + продукт
сертификат на бензин,2,859,услуга + продукт
сертификат апельсина,3,852,услуга + продукт
сертификат на услуги,3,851,услуга + продукт
сертификат на часы,10,849,услуга + продукт
декларация кошельки,4,847,услуга + продукт
декларация арматура,5,847,услуга + продукт
сертификация хлебобулочных изделий,3,837,услуга + продукт
сертификат на пиво,3,830,услуга + продукт
декларация томатная паста,6,821,услуга + продукт
сертификация бад,3,816,услуга + продукт
сертификат обогреватели,2,795,услуга + продукт
сертификация зерна,4,786,услуга + продукт
сертификация молока,4,785,услуга + продукт
сертификат утюга,3,776,услуга + продукт
декларация сидр,2,766,услуга + продукт
сертификат плиточный клей,3,755,услуга + продукт
сертификат на металлопрокат,5,753,услуга + продукт
сертификат на квадроцикл,4,748,услуга + продукт
сертификат песок,4,730,услуга + продукт
сертификаты тэн,8,729,услуга + продукт
сертификация гостиниц,7,716,услуга + продукт
сертификат на кабель,4,706,услуга + продукт
сертификация медицинских изделий,9,689,услуга + продукт
сертификат пряника,3,677,услуга + продукт
декларация ленты,2,676,услуга + продукт
сертификат фанера,3,665,услуга + продукт
сертификация клевер,4,663,услуга + продукт
сертификация оборудования,10,660,услуга + продукт
сертификат насосы центробежные,2,656,услуга + продукт
сертификат постельное белье,3,648,услуга + продукт
декларация шаров,4,646,услуга + продукт
сертификация сыра,8,637,услуга + продукт
сертификация труб,2,630,услуга + продукт
сертификация упаковки,4,625,услуга + продукт
декларация рапс,6,621,услуга + продукт
сертификат на детскую одежду,7,618,услуга + продукт
декларация велосипеды,3,618,услуга + продукт
сертификат на кружки,4,618,услуга + продукт
сертификат сиз,3,601,услуга + продукт
сертификаты на роутеры,5,585,услуга + продукт
декларация дезодоранты,2,585,услуга + продукт
сертификат машины швейные,3,574,услуга + продукт
сертификат на шоколад,3,568,услуга + продукт
декларация пища,6,568,услуга + продукт
декларация коробки,3,567,услуга + продукт
сертификат микроскопа,3,565,услуга + продукт
сертификат электроприбора,4,563,услуга + продукт
сертификация футболок,7,561,услуга + продукт
сертификат на золото,3,556,услуга + продукт
сертификация взрывозащищенного оборудования,2,545,услуга + продукт
декларация виски,2,545,услуга + продукт
сертификация дерева,2,540,услуга + продукт
сертификация мыла,3,538,услуга + продукт
сертификат на сливочное масло,6,538,услуга + продукт
сертификат блока питания,7,531,услуга + продукт
декларация воду минеральных,2,516,услуга + продукт
сертификация семян,2,512,услуга + продукт
декларация защитный очки,4,503,услуга + продукт
сертификат на моторное масло,9,502,услуга + продукт
сертификаты на материалы,2,486,услуга + продукт
сертификат на окна пвх,10,485,услуга + продукт
сертификат на водоэмульсионную краску,5,482,услуга + продукт
сертификат тротуарная плитка,3,480,услуга + продукт
декларация мандарины,2,474,услуга + продукт
сертификат на воду,5,468,услуга + продукт
сертификат труба пнд,5,464,услуга + продукт
сертификация транспортных средств,10,460,услуга + продукт
сертификат доска обрезная,4,459,услуга + продукт
сертификат на противопожарную дверь,6,459,услуга + продукт
сертификат грунтовка,3,458,услуга + продукт
декларация бумагу туалетную,8,454,услуга + продукт
сертификация детского игрового оборудования,9,452,услуга + продукт
декларация грунтовки,3,452,услуга + продукт
сертификат на продукцию парфюмерную,4,442,услуга + продукт
декларация говядина,2,439,услуга + продукт
сертификация товаров из китая,5,439,услуга + продукт
сертификат красную икру,5,438,услуга + продукт
сертификация часов,4,437,услуга + продукт
сертификат печатной платы,2,426,услуга + продукт
декларация диффузоры,5,426,услуга + продукт
декларация кирпичей,2,420,услуга + продукт
декларация поддоны,8,418,услуга + продукт
сертификация сумок,3,416,услуга + продукт
декларация дрожжи,2,414,услуга + продукт
декларация щётку зубные,5,409,услуга + продукт
сертификат на мыло,2,408,услуга + продукт
сертификация посуды,5,407,услуга + продукт
сертификат на спасательный жилет,6,406,услуга + продукт
сертификат для женщины,2,405,услуга + продукт
сертификация газовую плиту,6,404,услуга + продукт
сертификат на трубу,6,399,услуга + продукт
сертификат на очки,6,392,услуга + продукт
сертификат для мотоцикла,2,392,услуга + продукт
сертификат розетки,3,391,услуга + продукт
сертификат на электронику,5,388,услуга + продукт
декларация платки,2,388,услуга + продукт
сертификат запчасти,2,385,услуга + продукт
декларация огурцы,2,373,услуга + продукт
сертификат на светильники,4,371,услуга + продукт
сертификат на краску,4,370,услуга + продукт
сертификация кабеля,2,370,услуга + продукт
декларация свежего,3,370,услуга + продукт
сертификат мопеда,4,367,услуга + продукт
декларация товара,3,367,услуга + продукт
сертификат на пиломатериалы,9,367,услуга + продукт
сертификаты на канистры,2,362,услуга + продукт
сертификат на машину,5,361,услуга + продукт
декларация чечевицы,2,356,услуга + продукт
сертификация газовых баллонов,4,355,услуга + продукт
сертификат на трансформатор,4,353,услуга + продукт
сертификат линолеум,2,352,услуга + продукт
сертификат на кирпич,3,348,услуга + продукт
сертификация извести,3,347,услуга + продукт
сертификат на калибр,4,346,услуга + продукт
декларация зефир,4,346,услуга + продукт
декларация пледы,4,344,услуга + продукт
декларация автомобиля,3,344,услуга + продукт
сертификация металлоконструкций,6,342,услуга + продукт
сертификат на гипсокартон,3,341,услуга + продукт
сертификация электротехнической продукции,5,341,услуга + продукт
сертификаты на продукты питания,3,337,услуга + продукт
сертификат битум,5,336,услуга + продукт
сертификация лекарственных средств,20,335,услуга + продукт
сертификат на ногти,3,329,услуга + продукт
сертификация эфирных масел,3,321,услуга + продукт
сертификат веб камеры,2,320,услуга + продукт
декларация расходомеры,2,319,услуга + продукт
сертификат на яблоки,4,319,услуга + продукт
сертификат на ленту светодиодную,2,319,услуга + продукт
сертификат на тару,2,316,услуга + продукт
декларация форма,2,315,услуга + продукт
сертификат на гвозди,4,314,услуга + продукт
сертификат на бахилы,4,313,услуга + продукт
сертификаты на игрушки,3,306,услуга + продукт
сертификат на трубопроводных арматуру,5,306,услуга + продукт
сертификат матраца,8,303,услуга + продукт
сертификат на игру,4,302,услуга + продукт
сертификат на картину,6,300,услуга + продукт
сертификат на свёклу,2,299,услуга + продукт
сертификат колокол,3,299,услуга + продукт
сертификат на зимнее,2,299,услуга + продукт
сертификат на воздушный шар,3,298,услуга + продукт
сертификация тротуарной плитки,4,298,услуга + продукт
сертификат термобелье,2,298,услуга + продукт
декларация электродвигатель,2,298,услуга + продукт
сертификат на бытовую технику,4,297,услуга + продукт
декларация смесители,3,297,услуга + продукт
сертификация металла,3,296,услуга + продукт
сертификат на гирлянду,3,295,услуга + продукт
сертификат на рыбу,11,292,услуга + продукт
сертификат на мороженое,2,292,услуга + продукт
декларация конструктора,2,292,услуга + продукт
сертификация мониторов,2,290,услуга + продукт
сертификат на гранит,3,289,услуга + продукт
сертификация джинсов,3,284,услуга + продукт
сертификация спортивного оборудования,7,282,услуга + продукт
сертификация рельсов,2,277,услуга + продукт
сертификат на в порошок,9,277,услуга + продукт
сертификат на болты,4,275,услуга + продукт
декларация битум,2,273,услуга + продукт
сертификат на ремни безопасности,3,273,услуга + продукт
сертификация кондитерских изделий,4,272,услуга + продукт
сертификат детская косметика,2,272,услуга + продукт
сертификат на овощи,14,272,услуга + продукт
сертификат на землю,3,269,услуга + продукт
декларация косметички,3,269,услуга + продукт
сертификат концентрата,2,268,услуга + продукт
сертификат на асфальт,3,266,услуга + продукт
сертификат на сталь,3,265,услуга + продукт
сертификат на чай,4,265,услуга + продукт
сертификация документов,2,264,услуга + продукт
сертификат виндсерфинга,2,263,услуга + продукт
сертификат портландцемент,2,262,услуга + продукт
сертификация продукта,2,260,услуга + продукт
сертификация алкогольной продукции,9,260,услуга + продукт
сертификация импортной продукции,5,260,услуга + продукт
сертификат на профиль алюминиевый,3,259,услуга + продукт
сертификат инсектицида,2,259,услуга + продукт
сертификат герметик,2,258,услуга + продукт
сертификат на доску обрезную,2,256,услуга + продукт
декларация термостат,2,256,услуга + продукт
декларация титан,2,256,услуга + продукт
сертификат шпатлёвка,4,255,услуга + продукт
сертификат посудомоечные машина,3,253,услуга + продукт
декларация мониторы,2,252,услуга + продукт
сертификат металлоизделий,5,251,услуга + продукт
сертификация драгоценного металла,2,244,услуга + продукт
сертификат шарниры,2,243,услуга + продукт
сертификация планшета,3,240,услуга + продукт
сертификация курица,4,239,услуга + продукт
сертификат бентонит,3,236,услуга + продукт
сертификация электрощитового оборудования,6,234,услуга + продукт
сертификация бетона,3,233,услуга + продукт
декларация сувениры,4,232,услуга + продукт
декларация блок питание,3,231,услуга + продукт
сертификат икра,2,231,услуга + продукт
декларация шуруповерт,2,230,услуга + продукт
сертификат минеральная вата,5,229,услуга + продукт
сертификация первый слой одежды,2,229,услуга + продукт
сертификат на пеноблок,4,227,услуга + продукт
сертификат на стекло,3,226,услуга + продукт
сертификация самолётов,3,226,услуга + продукт
сертификат антисептик,2,226,услуга + продукт
сертификация нефтегазового оборудования,2,225,услуга + продукт
сертификат на брови,2,224,услуга + продукт
сертификат на инвалидную коляску,2,224,услуга + продукт
сертификат на инструмент,3,223,услуга + продукт
сертификат на ткань,8,223,услуга + продукт
сертификат крепежные изделия,7,223,услуга + продукт
сертификат на сырьё,2,222,услуга + продукт
сертификация гипса,4,222,услуга + продукт
сертификация реле,4,221,услуга + продукт
декларация рыб мороженых,5,220,услуга + продукт
сертификация леса строительные,2,219,услуга + продукт
декларация глина,6,218,услуга + продукт
сертификация ноутбуков,4,214,услуга + продукт
сертификаты на термосы,4,214,услуга + продукт
сертификация камня,7,213,услуга + продукт
сертификат на уголь,5,213,услуга + продукт
декларация птицы,3,213,услуга + продукт
сертификат на смолу эпоксидную,2,213,услуга + продукт
сертификация мёда,7,212,услуга + продукт
декларация инструменты,7,211,услуга + продукт
сертификат спирт этиловый,5,211,услуга + продукт
сертификат на опалубку,2,210,услуга + продукт
сертификат на тахограф,5,209,услуга + продукт
декларация фото,2,209,услуга + продукт
сертификат с двигателя,9,208,услуга + продукт
сертификация цемента,2,207,услуга + продукт
декларация асбеста,2,207,услуга + продукт
сертификат акции,3,206,услуга + продукт
сертификат на холодильник,3,205,услуга + продукт
сертификат кисточки,2,205,услуга + продукт
сертификат калия,2,204,услуга + продукт
сертификат гидроизоляция,2,204,услуга + продукт
декларация отходы,2,204,услуга + продукт
сертификация алюминия,3,203,услуга + продукт
сертификация удобрения минерального,4,203,услуга + продукт
сертификат кошер,2,203,услуга + продукт
сертификат на вертолёт,2,202,услуга + продукт
декларация скотч,4,202,услуга + продукт
сертификат на самолёт,2,201,услуга + продукт
сертификация тележки,2,201,услуга + продукт
сертификат на семя подсолнечник,3,201,услуга + продукт
декларация микрофоны,4,201,услуга + продукт
сертификат на кожаные изделия,10,201,услуга + продукт
сертификация состава огнезащитного,3,200,услуга + продукт
декларация преобразователи,2,200,услуга + продукт
сертификация маломерных судов,12,199,услуга + продукт
сертификат на стоматологию,2,198,услуга + продукт
сертификат на газовый баллон,2,198,услуга + продукт
сертификация светодиодных ламп,2,198,услуга + продукт
сертификат на мужскую обувь,4,196,услуга + продукт
сертификаты на фены,3,196,услуга + продукт
декларация на алкогольную продукцию,6,195,услуга + продукт
сертификация аттракционов,2,195,услуга + продукт
сертификация семена,2,194,услуга + продукт
сертификация травматического оружия,5,194,услуга + продукт
сертификат на ресницы,2,193,услуга + продукт
сертификация радиаторов,3,192,услуга + продукт
сертификат сэндвич панели,3,192,услуга + продукт
сертификат уплотнения,2,191,услуга + продукт
декларация какао,3,191,услуга + продукт
сертификат на кустарники,4,191,услуга + продукт
сертификат на швеллер,4,189,услуга + продукт
сертификация низковольтного оборудования,3,188,услуга + продукт
сертификат на палатку,4,184,услуга + продукт
сертификат на подгузники,7,184,услуга + продукт
сертификат гуся,2,183,услуга + продукт
сертификат на тюльпан,2,183,услуга + продукт
сертификат рабочую одежду,4,183,услуга + продукт
сертификация профиля,2,182,услуга + продукт
сертификация стальных канатов,5,182,услуга + продукт
сертификация мобильных телефонов,3,181,услуга + продукт
сертификация подшипников,7,180,услуга + продукт
сертификат банка,4,178,услуга + продукт
сертификация дорожных знаков,4,178,услуга + продукт
сертификат на сигареты,4,178,услуга + продукт
сертификат на картофель,5,177,услуга + продукт
декларация на куриное яйцо,3,177,услуга + продукт
сертификат на бижутерию,5,176,услуга + продукт
сертификат изюма,3,176,услуга + продукт
сертификат на сваи,2,176,услуга + продукт
сертификат на торт,5,175,услуга + продукт
сертификат на сахар,2,175,услуга + продукт
сертификат керамическая плитка,5,175,услуга + продукт
сертификат грецкие орехи,4,175,услуга + продукт
сертификат носки,4,173,услуга + продукт
сертификат на дюбель,3,172,услуга + продукт
сертификат на медицинскую одежду,4,172,услуга + продукт
декларация туалетную воду,2,172,услуга + продукт
сертификат на компьютер,2,170,услуга + продукт
сертификация пиротехнических изделий,2,170,услуга + продукт
сертификат на войлок,3,170,услуга + продукт
сертификат ключа,3,169,услуга + продукт
сертификация клубники,4,169,услуга + продукт
сертификат на теплицу,2,169,услуга + продукт
декларация детские товары,2,169,услуга + продукт
сертификат на грибы,3,169,услуга + продукт
сертификат на барабаны,2,168,услуга + продукт
сертификация средств дезинфицирующих,3,167,услуга + продукт
декларация прибор столовые,4,167,услуга + продукт
сертификация компьютеров,3,166,услуга + продукт
сертификат на зеркало,3,166,услуга + продукт
декларация пищевого оборудования,2,166,услуга + продукт
сертификат на газовое оборудование,3,165,услуга + продукт
сертификат тормозной жидкости,3,164,услуга + продукт
сертификат на выключатель автоматический,3,163,услуга + продукт
сертификация ювелирных изделий,6,162,услуга + продукт
сертификация бытовой химии,4,161,услуга + продукт
сертификат лошади,3,160,услуга + продукт
сертификат на газовый котёл,8,160,услуга + продукт
сертификат на лебёдку,6,159,услуга + продукт
декларация макарон,5,159,услуга + продукт
сертификат на грунт,4,158,услуга + продукт
сертификат на респиратор,3,157,услуга + продукт
сертификация аптечки,4,157,услуга + продукт
сертификат обратный клапан,3,157,услуга + продукт
сертификат на перчатки,2,157,услуга + продукт
сертификат уровня 4,2,155,услуга + продукт
декларация перчатку латексных,4,155,услуга + продукт
декларация диваны,4,155,услуга + продукт
сертификат на лифт,2,153,услуга + продукт
сертификат на контейнер,2,151,услуга + продукт
сертификат на тюль,2,151,услуга + продукт
декларация приборы столовой,2,150,услуга + продукт
декларация сырой,3,149,услуга + продукт
сертификат сервера,4,148,услуга + продукт
сертификат карта,2,148,услуга + продукт
сертификат на револьвер,6,147,услуга + продукт
сертификация тормозные колодки,2,145,услуга + продукт
сертификат на эмаль,4,144,услуга + продукт
сертификация оконных блоков,4,144,услуга + продукт
декларация арбуза,7,144,услуга + продукт
сертификат на чашку,2,143,услуга + продукт
сертификат на шлак,5,141,услуга + продукт
декларация одежда,2,141,услуга + продукт
сертификат на фейерверки,3,141,услуга + продукт
декларация средств,2,140,услуга + продукт
сертификат на резину,4,139,услуга + продукт
сертификация лифтов,4,138,услуга + продукт
сертификат на творог,2,138,услуга + продукт
сертификация антенны,3,137,услуга + продукт
сертификат на газовую плиту,4,136,услуга + продукт
сертификация настольных игр,5,136,услуга + продукт
сертификат каучука синтетического,2,136,услуга + продукт
сертификат косметика,5,136,услуга + продукт
сертификат на пряжу,4,135,услуга + продукт
сертификация крана мостовых,3,135,услуга + продукт
декларация термометр,2,135,услуга + продукт
сертификат на машину стиральную,2,135,услуга + продукт
сертификат на кондиционер,3,134,услуга + продукт
сертификаты на конфеты,2,133,услуга + продукт
сертификат на растения,2,133,услуга + продукт
сертификат на воздушный фильтр,5,132,услуга + продукт
сертификация игрушек из китая,2,132,услуга + продукт
сертификат на вазелиновое масло,2,132,услуга + продукт
декларация диспенсеры,3,132,услуга + продукт
декларация жмых,3,132,услуга + продукт
сертификат на батут,4,131,услуга + продукт
декларация варежки,4,131,услуга + продукт
сертификат на фары,5,131,услуга + продукт
сертификат на обои,4,130,услуга + продукт
сертификация краски,3,130,услуга + продукт
сертификация печатной продукции,5,130,услуга + продукт
сертификация раскраски,3,130,услуга + продукт
сертификат защитные очки,2,129,услуга + продукт
декларация разделочных доску,3,128,услуга + продукт
декларация доска,5,128,услуга + продукт
декларация резисторы,4,128,услуга + продукт
сертификат на огнетушитель,3,126,услуга + продукт
сертификация кормов для животных,5,126,услуга + продукт
сертификация малых архитектурных форм,2,126,услуга + продукт
сертификат на препарат,3,125,услуга + продукт
сертификат на мебель медицинскую,6,125,услуга + продукт
декларация кунжут,2,125,услуга + продукт
сертификация машина стиральные,3,125,услуга + продукт
декларация цикория,4,125,услуга + продукт
сертификат на гидроцикл,3,124,услуга + продукт
сертификация стеллажей,5,123,услуга + продукт
сертификация галстука,2,122,услуга + продукт
сертификат заклёпка,3,122,услуга + продукт
декларация помидоры,7,122,услуга + продукт
сертификат на дерево,4,121,услуга + продукт
сертификация окон,2,121,услуга + продукт
сертификация щебня,2,121,услуга + продукт
декларация виноград,3,121,услуга + продукт
сертификация стеновой панели,2,120,услуга + продукт
сертификат на чёрный металл,2,119,услуга + продукт
сертификат накладки,2,118,услуга + продукт
декларация одноразовую посуду,6,118,услуга + продукт
сертификация выпечка,2,118,услуга + продукт
сертификат уголок,5,117,услуга + продукт
сертификат сульфата,4,116,услуга + продукт
сертификат на лук репчатый,6,116,услуга + продукт
сертификат ксилол,2,116,услуга + продукт
сертификат на топливо,3,115,услуга + продукт
сертификация шапок,6,115,услуга + продукт
сертификат муфта,3,115,услуга + продукт
сертификат на дизельное топливо,3,114,услуга + продукт
сертификат на коньяк,3,113,услуга + продукт
сертификат цветы,3,113,услуга + продукт
сертификация опалубки,2,112,услуга + продукт
сертификаты на книги,4,111,услуга + продукт
сертификация весов,3,111,услуга + продукт
сертификация прицепов,6,110,услуга + продукт
сертификация электроэнергии,2,110,услуга + продукт
сертификат на тапочки,2,110,услуга + продукт
сертификат на велосипед,3,109,услуга + продукт
сертификат автокрана,4,109,услуга + продукт
сертификат на сосиску,2,109,услуга + продукт
сертификация растений,2,108,услуга + продукт
сертификация конвейеров,2,108,услуга + продукт
декларация капусту квашеную,3,108,услуга + продукт
сертификат мдф,3,108,услуга + продукт
сертификат на самоходную,2,108,услуга + продукт
сертификат на аккумулятор,9,107,услуга + продукт
декларация сервера,3,107,услуга + продукт
сертификат на полиуретан,2,106,услуга + продукт
сертификат на гигрометр,3,106,услуга + продукт
сертификат на костюм спортивный,7,106,услуга + продукт
сертификат семена,2,106,услуга + продукт
сертификация собственной продукции,2,106,услуга + продукт
сертификат на сухофрукты,4,105,услуга + продукт
сертификат на масло подсолнечное,2,105,услуга + продукт
сертификат проволока,2,105,услуга + продукт
декларация пиво,4,104,услуга + продукт
сертификат на кронштейны,4,104,услуга + продукт
сертификат на балки,2,104,услуга + продукт
сертификация картриджей,2,103,услуга + продукт
сертификация смесителей,2,103,услуга + продукт
сертификация на изделие,2,103,услуга + продукт
сертификат на кресло,2,102,услуга + продукт
сертификация вина,2,102,услуга + продукт
сертификация домкрата,4,102,услуга + продукт
сертификация триммера,2,102,услуга + продукт
сертификация крепёжного изделия,3,102,услуга + продукт
сертификат на наушники,5,102,услуга + продукт
сертификат на купальники,5,102,услуга + продукт
декларация на масло подсолнечное,2,101,услуга + продукт
сертификация комбикорма,3,101,услуга + продукт
сертификат муки пшеничной,4,101,услуга + продукт
сертификат на манометры,5,101,услуга + продукт
сертификат рыбы копчёной,7,100,услуга + продукт
сертификат строительного материала,2,99,услуга + продукт
сертификат на пшеницу,4,99,услуга + продукт
сертификат на ковёр,4,99,услуга + продукт
сертификат на гербицид,2,98,услуга + продукт
сертификат на задвижку клиновых,5,98,услуга + продукт
сертификация кранов,2,97,услуга + продукт
сертификат пелёнки,4,96,услуга + продукт
сертификат на кукурузу,3,96,услуга + продукт
декларация йогурт,2,96,услуга + продукт
декларация телевизора,4,96,услуга + продукт
сертификат на гальку,3,95,услуга + продукт
сертификация теплообменника,2,95,услуга + продукт
декларация клавиатуры,5,95,услуга + продукт
декларация плёнка,3,95,услуга + продукт
сертификация котлов,2,94,услуга + продукт
сертификат на брусчатку,3,94,услуга + продукт
сертификат цемента глинозёмистого,2,94,услуга + продукт
сертификат извести гашёной,5,94,услуга + продукт
сертификат втулка,2,94,услуга + продукт
сертификат на кроссовки,3,94,услуга + продукт
сертификат на рис,4,93,услуга + продукт
сертификация газовых горелок,3,93,услуга + продукт
сертификация ведра,3,93,услуга + продукт
сертификат на керосин,4,93,услуга + продукт
декларация кориандр,3,93,услуга + продукт
сертификат плёнка,3,93,услуга + продукт
сертификация программное обеспечение,2,93,услуга + продукт
сертификат на ароматическую,2,92,услуга + продукт
сертификат на аргон,2,90,услуга + продукт
сертификация пива,2,90,услуга + продукт
сертификация варенья,3,90,услуга + продукт
сертификация станков,2,89,услуга + продукт
сертификация напитков,2,89,услуга + продукт
сертификат абразива,2,89,услуга + продукт
сертификат на сухое молоко,4,89,услуга + продукт
декларация бетонной смеси,6,89,услуга + продукт
сертификат меди,3,88,услуга + продукт
сертификат на автоклав,2,88,услуга + продукт
сертификат на фасоль,2,88,услуга + продукт
сертификат камеры сушильные,3,87,услуга + продукт
декларация сухофрукты,3,87,услуга + продукт
сертификаты на двери,4,86,услуга + продукт
сертификат кураги,3,86,услуга + продукт
сертификат на багажник,2,85,услуга + продукт
сертификация миксеров,3,85,услуга + продукт
сертификация прокладок,3,84,услуга + продукт
сертификация бетонных смесей,2,84,услуга + продукт
декларация на безалкогольное пиво,2,84,услуга + продукт
декларация уксусная кислота,7,84,услуга + продукт
сертификаты на шины,2,83,услуга + продукт
сертификат на трактор,4,83,услуга + продукт
декларация мешки,5,83,услуга + продукт
сертификат рыба мороженая,3,83,услуга + продукт
сертификат наконечники,3,82,услуга + продукт
сертификат на катер,2,81,услуга + продукт
сертификат алебастра,2,81,услуга + продукт
декларация конфеты,2,81,услуга + продукт
сертификат термометр,2,81,услуга + продукт
сертификат утеплитель,3,81,услуга + продукт
сертификат газ,2,80,услуга + продукт
сертификат на витамины,4,80,услуга + продукт
декларация соленые,3,80,услуга + продукт
сертификат на куриное яйцо,3,79,услуга + продукт
сертификат на соус,2,79,услуга + продукт
декларация кондиционеры,2,79,услуга + продукт
сертификат на бумагу,3,78,услуга + продукт
декларация абрикосы,3,78,услуга + продукт
сертификат плинтус,3,78,услуга + продукт
сертификация рыбной продукции,3,78,услуга + продукт
декларация моделей,2,78,услуга + продукт
сертификат ленты,2,77,услуга + продукт
сертификат на лыжу водные,2,77,услуга + продукт
сертификат выключатели,3,77,услуга + продукт
сертификат на качели,6,77,услуга + продукт
сертификация на партию,2,76,услуга + продукт
сертификат на крем,2,76,услуга + продукт
сертификация лестниц,4,76,услуга + продукт
сертификация свечи,4,75,услуга + продукт
сертификация детского питания,2,75,услуга + продукт
сертификат на аппарат сварочный,2,75,услуга + продукт
сертификат на рюкзак,5,75,услуга + продукт
сертификат на пижамы,4,75,услуга + продукт
сертификат на медь,2,74,услуга + продукт
сертификация выключателей,2,74,услуга + продукт
сертификат на школьную форму,3,74,услуга + продукт
сертификация пастилы,4,74,услуга + продукт
сертификат коляски детские,4,74,услуга + продукт
сертификация трубопроводов,3,73,услуга + продукт
сертификация ламината,2,73,услуга + продукт
декларация унитаза,4,73,услуга + продукт
сертификация дверей,2,72,услуга + продукт
декларация кукурузы,2,72,услуга + продукт
сертификат куклы,3,71,услуга + продукт
сертификат на газоанализатор,3,71,услуга + продукт
сертификат на алкотестер,3,71,услуга + продукт
сертификация коммутаторов,4,71,услуга + продукт
декларация замороженное,3,71,услуга + продукт
сертификат на стулья,2,71,услуга + продукт
сертификат на полуфабрикаты,3,71,услуга + продукт
сертификат картон,4,70,услуга + продукт
сертификат рассада,2,70,услуга + продукт
сертификаты на диски,3,69,услуга + продукт
сертификат на яхту,3,69,услуга + продукт
сертификат на водород,2,69,услуга + продукт
сертификат светодиодного модуля,2,69,услуга + продукт
сертификат асбест,2,69,услуга + продукт
декларация свёкла сахарная,2,69,услуга + продукт
сертификат сухие строительные смеси,2,69,услуга + продукт
декларация трикотаж,2,69,услуга + продукт
декларация мебель,2,68,услуга + продукт
сертификат на профиль,2,67,услуга + продукт
сертификат на кран,4,67,услуга + продукт
сертификат на шубу,3,67,услуга + продукт
сертификация замков,2,67,услуга + продукт
сертификация щёток зубных,7,67,услуга + продукт
декларация головные уборы,3,67,услуга + продукт
сертификат торф,3,67,услуга + продукт
декларация фитинги,2,67,услуга + продукт
сертификат одежда,3,67,услуга + продукт
сертификат титан,4,66,услуга + продукт
сертификат на пылесос,3,65,услуга + продукт
декларация на лук репчатый,2,65,услуга + продукт
сертификат пергамин,3,65,услуга + продукт
сертификация средства связи,2,64,услуга + продукт
сертификат на распределительный щит,3,64,услуга + продукт
сертификат на зарядное устройство,2,64,услуга + продукт
сертификат на скамейки,3,64,услуга + продукт
сертификат на задвижки,2,64,услуга + продукт
сертификат на раковину,6,63,услуга + продукт
сертификация отходов,3,63,услуга + продукт
сертификат на молниеотвод,3,63,услуга + продукт
сертификат на пирожное,2,63,услуга + продукт
сертификация свинины,6,63,услуга + продукт
сертификат на пищевую добавку,2,63,услуга + продукт
сертификация текстильной продукции,2,63,услуга + продукт
сертификат на азот,4,62,услуга + продукт
сертификация детских книг,2,62,услуга + продукт
сертификат автосервис,2,62,услуга + продукт
сертификат на мат,2,61,услуга + продукт
сертификат на водонагреватель,2,61,услуга + продукт
сертификат лаврового листа,7,61,услуга + продукт
декларация стекло,3,61,услуга + продукт
сертификат изделия,2,60,услуга + продукт
сертификация аэродромов,4,60,услуга + продукт
сертификат на одеяло,3,60,услуга + продукт
сертификация десертов,2,60,услуга + продукт
декларация перчатку медицинских,2,60,услуга + продукт
сертификат сетка,3,60,услуга + продукт
сертификация монет,4,59,услуга + продукт
сертификат на шарф,3,59,услуга + продукт
сертификация крема,2,58,услуга + продукт
сертификат на стекло армированное,2,58,услуга + продукт
декларация зажигалки,4,58,услуга + продукт
сертификат на лодки,5,58,услуга + продукт
сертификат на кефир,3,57,услуга + продукт
сертификат удобрения минеральные,4,57,услуга + продукт
сертификат на шторы,2,57,услуга + продукт
сертификат на настольную игру,3,57,услуга + продукт
сертификат манго,2,56,услуга + продукт
сертификат на соль для ванн,7,56,услуга + продукт
сертификат ацетон,3,56,услуга + продукт
сертификат стекловата,2,56,услуга + продукт
сертификация шампунь,3,56,услуга + продукт
сертификат многослойные,2,56,услуга + продукт
сертификат ограждения,4,55,услуга + продукт
сертификация нефтепродуктов,3,55,услуга + продукт
сертификат машина,3,55,услуга + продукт
декларация пшеничного,2,55,услуга + продукт
сертификат на куртки,3,53,услуга + продукт
сертификат затвор дисковый,2,52,услуга + продукт
сертификат на серебро,2,51,услуга + продукт
сертификат антифриз,3,51,услуга + продукт
сертификат заглушка,4,51,услуга + продукт
сертификация запасных частей,2,51,услуга + продукт
сертификат форма,2,51,услуга + продукт
сертификат на мяч,3,50,услуга + продукт
сертификация экскаваторов,3,50,услуга + продукт
сертификат на антисептик для рук,2,50,услуга + продукт
сертификация горна,4,50,услуга + продукт
сертификат платина,2,50,услуга + продукт
сертификация табак,3,50,услуга + продукт
декларация часы,2,50,услуга + продукт
декларация чеснок,5,50,услуга + продукт
сертификация шлема,2,50,услуга + продукт
сертификат на шуруп,2,49,услуга + продукт
сертификация двигателей авиационных,3,49,услуга + продукт
сертификат на лимон,4,49,услуга + продукт
сертификация радиостанций,4,49,услуга + продукт
сертификация черепицы,2,49,услуга + продукт
сертификаты носовых платков,8,49,услуга + продукт
декларация роллы,3,49,услуга + продукт
сертификация шпатлевки,2,49,услуга + продукт
сертификат кухни,2,48,услуга + продукт
сертификат на камин,4,48,услуга + продукт
сертификация минеральной ваты,2,48,услуга + продукт
сертификат на ферросплав,2,48,услуга + продукт
сертификат елочные игрушки,3,48,услуга + продукт
декларация литий,2,48,услуга + продукт
декларация патроны,2,48,услуга + продукт
декларация транспорт,2,48,услуга + продукт
декларация слива,3,48,услуга + продукт
декларация батутов,3,48,услуга + продукт
сертификация огнетушителей,2,47,услуга + продукт
декларация печенье,2,47,услуга + продукт
декларация стены,2,47,услуга + продукт
декларация транспортного средства,2,47,услуга + продукт
сертификат на скобы,2,47,услуга + продукт
декларация крахмала,4,47,услуга + продукт
сертификат шкафы,2,47,услуга + продукт
сертификат на конденсатор,2,46,услуга + продукт
сертификация линз контактных,3,46,услуга + продукт
сертификат лимонная кислота,4,46,услуга + продукт
сертификат очиститель воздуха,3,46,услуга + продукт
сертификат часы настенные,3,45,услуга + продукт
сертификат на полотенца,5,45,услуга + продукт
сертификат на стол,4,44,услуга + продукт
сертификация очков,2,44,услуга + продукт
сертификат на колготки,2,44,услуга + продукт
сертификат детская обувь,2,44,услуга + продукт
сертификат мозаика,2,44,услуга + продукт
сертификат радиаторы биметаллические,2,44,услуга + продукт
декларация сумки,2,44,услуга + продукт
декларация тыкву,2,44,услуга + продукт
сертификат слитка,2,43,услуга + продукт
сертификат на цепь,4,43,услуга + продукт
сертификат травертина,2,43,услуга + продукт
сертификат спальный мешок,4,43,услуга + продукт
декларация документов,2,43,услуга + продукт
сертификация книги,2,42,услуга + продукт
сертификат на гольф,3,42,услуга + продукт
сертификация орехов,3,42,услуга + продукт
сертификация старого,2,42,услуга + продукт
декларация блюд,2,42,услуга + продукт
сертификат на стропы,3,42,услуга + продукт
сертификация учебников,3,41,услуга + продукт
сертификация травы,4,41,услуга + продукт
сертификат гипс,3,41,услуга + продукт
сертификат канцелярские товары,3,41,услуга + продукт
сертификат пластилин,3,41,услуга + продукт
сертификат фитинги,5,41,услуга + продукт
сертификация посуда,4,41,услуга + продукт
сертификат детского питания,2,40,услуга + продукт
сертификат на чемодан,5,40,услуга + продукт
сертификат на горох,3,40,услуга + продукт
сертификат на сигареты электронные,3,40,услуга + продукт
сертификат на топор,3,39,услуга + продукт
сертификат на капусту,2,39,услуга + продукт
сертификация предохранителя,4,39,услуга + продукт
сертификация базальт,3,39,услуга + продукт
декларация светильников,3,39,услуга + продукт
сертификат сертификат для услуг,2,39,услуга + продукт
сертификат модели,2,38,услуга + продукт
декларации на моторные масла,2,38,услуга + продукт
сертификация фильтров,2,37,услуга + продукт
сертификат на фурнитуру,2,37,услуга + продукт
сертификация туристических услуг,3,37,услуга + продукт
сертификат на линейку,2,37,услуга + продукт
сертификат на расчёску,6,37,услуга + продукт
сертификация косметики для животных,2,37,услуга + продукт
сертификат установка,2,37,услуга + продукт
сертификат на салфетки,3,37,услуга + продукт
сертификация наборов,2,36,услуга + продукт
сертификация контейнеров,3,36,услуга + продукт
сертификация смазки,3,36,услуга + продукт
сертификат на рулетку,4,36,услуга + продукт
сертификация колонки,3,36,услуга + продукт
декларация масло оливковое,5,36,услуга + продукт
сертификация опилки,3,36,услуга + продукт
сертификат на паяльник,2,36,услуга + продукт
декларация на горчичный порошок,3,36,услуга + продукт
сертификат кабачковая икра,2,36,услуга + продукт
декларация камеры видеонаблюдения,5,36,услуга + продукт
декларация капуста цветная,2,36,услуга + продукт
декларация кепки,3,36,услуга + продукт
декларация мальтодекстрин,2,36,услуга + продукт
сертификация раковина,2,36,услуга + продукт
сертификат на пороги,2,36,услуга + продукт
декларация гранулы из люцерны,2,36,услуга + продукт
декларация бутылки,2,35,услуга + продукт
сертификация жби,3,35,услуга + продукт
сертификат этикетка,2,35,услуга + продукт
декларация лифта,2,35,услуга + продукт
сертификат на радиаторы отопления,3,35,услуга + продукт
сертификат на бампер,2,34,услуга + продукт
сертификация плитки,2,34,услуга + продукт
сертификация игрового оборудования,2,34,услуга + продукт
декларация гравий,2,34,услуга + продукт
сертификат клей,2,34,услуга + продукт
сертификация офисную мебель,2,34,услуга + продукт
сертификат на шайбу,3,33,услуга + продукт
сертификат на киви,3,33,услуга + продукт
сертификат гранат,2,33,услуга + продукт
декларация пельмени,4,33,услуга + продукт
декларация торты,2,33,услуга + продукт
сертификат на салаты,4,33,услуга + продукт
сертификат для машин,2,33,услуга + продукт
декларация дельфинов,2,33,услуга + продукт
сертификация человека,2,32,услуга + продукт
сертификат вики,2,32,услуга + продукт
сертификат на сено,2,32,услуга + продукт
сертификация кроссовок,2,32,услуга + продукт
сертификация дюбелей,2,32,услуга + продукт
сертификация подтяжки,3,32,услуга + продукт
сертификация игрушек из дерева,2,32,услуга + продукт
сертификация хурма,2,32,услуга + продукт
сертификат на конверты,2,32,услуга + продукт
декларация литий ионные,3,32,услуга + продукт
сертификат на мех,4,31,услуга + продукт
сертификат на фонарь,3,31,услуга + продукт
сертификат на майонез,2,31,услуга + продукт
сертификация электросамокатов,2,31,услуга + продукт
сертификат покрытия напольного,3,30,услуга + продукт
сертификация проволоки,2,30,услуга + продукт
сертификат детская мебель,2,30,услуга + продукт
декларация парафин,2,30,услуга + продукт
декларация семена,3,30,услуга + продукт
сертификат на гайки,3,30,услуга + продукт
декларация аттракциона,2,30,услуга + продукт
сертификат на устройство,2,29,услуга + продукт
сертификат печени,4,29,услуга + продукт
сертификация балки,2,29,услуга + продукт
сертификат духи,3,29,услуга + продукт
сертификат на халаты,5,29,услуга + продукт
сертификат животного,5,28,услуга + продукт
сертификация рукавиц,3,28,услуга + продукт
сертификат бор,3,28,услуга + продукт
декларация маслины,2,28,услуга + продукт
сертификат полировка,2,28,услуга + продукт
сертификат тросы,3,28,услуга + продукт
декларация эмаль,2,28,услуга + продукт
декларация мармелада,2,28,услуга + продукт
сертификат полоса,2,28,услуга + продукт
декларация насосы вакуумные,2,28,услуга + продукт
сертификация шкафов,2,27,услуга + продукт
сертификат на удлинитель,6,27,услуга + продукт
сертификат на платье,4,27,услуга + продукт
сертификат на грабли,2,27,услуга + продукт
сертификат бытовая химия,2,27,услуга + продукт
сертификат вилка,2,27,услуга + продукт
сертификат музыкальные инструменты,3,27,услуга + продукт
сертификация пиломатериалы,3,27,услуга + продукт
сертификат системный блок,2,27,услуга + продукт
сертификат стеновые панели,2,27,услуга + продукт
сертификация коляски детские,3,27,услуга + продукт
сертификаты для девочек,2,26,услуга + продукт
сертификаты ковров,2,26,услуга + продукт
сертификат на прибор,2,26,услуга + продукт
сертификация клапанов,2,26,услуга + продукт
сертификат на фольгу,2,26,услуга + продукт
сертификация тракторов,2,26,услуга + продукт
декларация маску для волос,2,26,услуга + продукт
сертификат бинты,2,26,услуга + продукт
декларация карта,2,26,услуга + продукт
сертификат газового котла,2,25,услуга + продукт
сертификат сирены,2,25,услуга + продукт
сертификация подвижного состава,2,25,услуга + продукт
сертификаты на томаты свежие,3,25,услуга + продукт
сертификат на древесный уголь,3,25,услуга + продукт
сертификат на почтовые марку,2,25,услуга + продукт
сертификат на круг шлифовальный,2,25,услуга + продукт
сертификат на прочность,2,24,услуга + продукт
сертификат на сплит систему,3,24,услуга + продукт
сертификат на кору,2,24,услуга + продукт
декларация частотный преобразователь,3,24,услуга + продукт
сертификация люстры,2,24,услуга + продукт
сертификат на кран башенный,3,24,услуга + продукт
сертификация ресивера,3,24,услуга + продукт
сертификация термостата,3,24,услуга + продукт
сертификация спичек,3,24,услуга + продукт
сертификация скатертей,3,24,услуга + продукт
сертификат на дозиметр,2,24,услуга + продукт
сертификат на секатор,2,24,услуга + продукт
сертификация швеллеров,2,24,услуга + продукт
декларация на яблочный сок,2,24,услуга + продукт
сертификация джем,2,24,услуга + продукт
декларация на табак для кальяна,3,24,услуга + продукт
декларация строительный раствор,2,24,услуга + продукт
сертификаты на изделия столярные,2,24,услуга + продукт
декларация блузки,3,24,услуга + продукт
сертификат гидравлический пресс,2,24,услуга + продукт
сертификация дорожки беговые,2,24,услуга + продукт
сертификация зубчатые колеса,2,24,услуга + продукт
сертификат какао масло,2,24,услуга + продукт
декларация мебель металлическая,2,24,услуга + продукт
сертификат морская капуста,2,24,услуга + продукт
декларация наколенники,4,24,услуга + продукт
декларация нектарины,3,24,услуга + продукт
декларация овёс,2,24,услуга + продукт
декларация перлит,2,24,услуга + продукт
сертификация плёнка,2,24,услуга + продукт
сертификация светофоры,3,24,услуга + продукт
декларация сигары,2,24,услуга + продукт
декларация фартуки,3,24,услуга + продукт
сертификат на номера,2,24,услуга + продукт
сертификация талька,2,24,услуга + продукт
сертификат на пучки,2,24,услуга + продукт
декларация аккумулятор,3,24,услуга + продукт
декларация малина,3,24,услуга + продукт
сертификат гуммиарабик,2,24,услуга + продукт
сертификат фосфор красный,2,24,услуга + продукт
сертификат на кровать,2,23,услуга + продукт
сертификация смазочных материалов,2,23,услуга + продукт
сертификат зелёного горошка,2,23,услуга + продукт
сертификация высоковольтного оборудования,2,23,услуга + продукт
сертификат мешки,2,23,услуга + продукт
сертификат озокерит,2,23,услуга + продукт
сертификаты на тренажёры,3,22,услуга + продукт
сертификаты на пирожки,2,22,услуга + продукт
сертификация зонтов,2,22,услуга + продукт
сертификат кальция,2,22,услуга + продукт
сертификат на скрепку,2,22,услуга + продукт
сертификация влажные салфетки,3,22,услуга + продукт
сертификат зерно,2,22,услуга + продукт
декларация морковь,2,22,услуга + продукт
сертификация бассейнов,2,21,услуга + продукт
сертификация фотоаппаратов,3,21,услуга + продукт
декларация для использование,2,21,услуга + продукт
декларация абсолюты,2,21,услуга + продукт
декларация формы,2,21,услуга + продукт
сертификат на серы,2,21,услуга + продукт
сертификат на фотографию,2,20,услуга + продукт
сертификат на видеонаблюдение,3,20,услуга + продукт
декларация тесто,2,20,услуга + продукт
декларация услуги,2,20,услуга + продукт
сертификат на газонокосилку,2,20,услуга + продукт
декларация на табачную продукцию,3,19,услуга + продукт
сертификация парикмахерских услуг,2,19,услуга + продукт
сертификат на янтарь,2,19,услуга + продукт
сертификация оборудования холодильного,2,19,услуга + продукт
сертификация моста,2,19,услуга + продукт
сертификация герметик,3,19,услуга + продукт
декларация икры,2,19,услуга + продукт
сертификат на топпинг,2,19,услуга + продукт
декларация бритвенный станок,2,18,услуга + продукт
декларация груша,4,18,услуга + продукт
декларация столы,2,18,услуга + продукт
декларация хлеб,2,18,услуга + продукт
декларация плит,2,18,услуга + продукт
сертификат на лампу,2,17,услуга + продукт
сертификат на холодное оружие,2,17,услуга + продукт
сертификат на латекс,2,17,услуга + продукт
сертификация мастики,2,17,услуга + продукт
сертификация вермикулита,2,17,услуга + продукт
сертификация мозаики,2,17,услуга + продукт
сертификация клеев,2,17,услуга + продукт
сертификат на коробку,2,16,услуга + продукт
сертификат стартера,2,16,услуга + продукт
сертификат на тарелку,2,16,услуга + продукт
сертификат на кислород,3,16,услуга + продукт
сертификат на полистирол,2,16,услуга + продукт
сертификат катушки,2,16,услуга + продукт
сертификация полипропилен,2,16,услуга + продукт
декларация цемент,2,16,услуга + продукт
сертификат на клапаны,2,16,услуга + продукт
сертификат на резервуары,2,16,услуга + продукт
сертификат на майки,2,16,услуга + продукт
сертификат консоли,2,15,услуга + продукт
сертификация подшипника,3,15,услуга + продукт
сертификат на электропривод,2,15,услуга + продукт
сертификация счётчика,3,15,услуга + продукт
сертификаты на видеокамеры,3,15,услуга + продукт
декларация трубы,2,15,услуга + продукт
сертификат на замки,2,15,услуга + продукт
сертификация ванна,2,14,услуга + продукт
декларация лук порей,2,14,услуга + продукт
сертификат рыба сушёная,2,14,услуга + продукт
сертификат часы наручные,2,14,услуга + продукт
сертификат на стойки,2,14,услуга + продукт
сертификат на пропан,2,13,услуга + продукт
сертификация иглы,2,13,услуга + продукт
сертификат на плоскогубцы,2,13,услуга + продукт
сертификация щепы,3,13,услуга + продукт
сертификат бананы,2,13,услуга + продукт
декларация сахар,2,13,услуга + продукт
декларация керамического,2,13,услуга + продукт
сертификат сушеные,2,13,услуга + продукт
сертификация адаптеров,2,12,услуга + продукт
сертификат на витраж,2,12,услуга + продукт
сертификат на пиджак,2,12,услуга + продукт
сертификат на лом,2,12,услуга + продукт
сертификация светодиодов,2,12,услуга + продукт
сертификаты на чулки,2,12,услуга + продукт
сертификация антифризов,2,12,услуга + продукт
сертификат бороны,2,12,услуга + продукт
сертификат на мясорубку,3,12,услуга + продукт
декларация одноразовый стакан,2,12,услуга + продукт
сертификат агара агара,2,12,услуга + продукт
сертификация гидроцикла,2,12,услуга + продукт
сертификация тисков,2,12,услуга + продукт
сертификат на бинокль,3,12,услуга + продукт
сертификат на космический аппарат,2,12,услуга + продукт
сертификат на аэростат,2,12,услуга + продукт
сертификат на глицерин,2,12,услуга + продукт
сертификация марли,2,12,услуга + продукт
сертификат на отруби,2,12,услуга + продукт
сертификация трубки рентгеновской,2,12,услуга + продукт
сертификация морепродуктов,2,12,услуга + продукт
сертификация смолы ионообменной,2,12,услуга + продукт
сертификация масла косметического,2,12,услуга + продукт
сертификат на кальсоны,2,12,услуга + продукт
сертификация фисташки,3,12,услуга + продукт
сертификат на концентрат медный,3,12,услуга + продукт
сертификат ключи гаечные,2,12,услуга + продукт
декларация лак для ногтей,2,12,услуга + продукт
сертификат масло льняное,2,12,услуга + продукт
сертификат никотин,2,12,услуга + продукт
декларация песок,2,12,услуга + продукт
сертификат полиэтилентерефталат,2,12,услуга + продукт
декларация пробка,3,12,услуга + продукт
декларация семена лён,2,12,услуга + продукт
декларация текстильные материалы,2,12,услуга + продукт
сертификация тросы,2,12,услуга + продукт
декларация финики,2,12,услуга + продукт
сертификация фломастеры,2,12,услуга + продукт
сертификация швабра,2,12,услуга + продукт
сертификат на воду минеральную,4,12,услуга + продукт
сертификация родентицидов,2,12,услуга + продукт
сертификат на напильники,2,12,услуга + продукт
сертификат мука древесная,2,12,услуга + продукт
сертификат на жилет,2,11,услуга + продукт
сертификат манного крупа,3,11,услуга + продукт
сертификат на кобуру,2,11,услуга + продукт
сертификат кадмия,2,10,услуга + продукт
сертификат флюсы,2,10,услуга + продукт
сертификат оксида кадмия,2,10,услуга + продукт
декларация вибратор,2,9,услуга + продукт
сертификат на каолин,2,8,услуга + продукт
сертификат на полиацеталь,2,8,услуга + продукт
сертификат крафта бумаги,2,7,услуга + продукт
сертификат на плот,2,7,услуга + продукт
декларация мастику,2,7,услуга + продукт
декларация индейки,2,7,услуга + продукт
сертификат магния,3,6,услуга + продукт
сертификация рамы,2,5,услуга + продукт
сертификат на трубку,3,5,услуга + продукт
сертификация разработка,2,1,услуга + продукт
сертификат wildberries,2111,6354,услуга + продукт
сертификация на уровень,2111,5315,услуга + продукт
декларация пакета,2111,4781,услуга + продукт
сертификат на парную,2111,3220,услуга + продукт
сертификация модуля,2111,2114,услуга + продукт
сертификат на крышку,2111,1544,услуга + продукт
сертификат громкоговорителя,2111,1471,услуга + продукт
сертификация эко продукции,2111,1066,услуга + продукт
сертификат катетера,2111,865,услуга + продукт
сертификат серийно выпускаемую продукцию,2111,862,услуга + продукт
сертификат на молоко,2111,756,услуга + продукт
декларация ячмень,2111,755,услуга + продукт
сертификат полиамид,2111,734,услуга + продукт
декларация человек,2111,658,услуга + продукт
сертификат на с покрытие,2111,642,услуга + продукт
сертификат на аппарат слуховой,2111,573,услуга + продукт
сертификат на розу,2111,486,услуга + продукт
сертификат без покрытия,2111,457,услуга + продукт
сертификат коллажи,2111,450,услуга + продукт
сертификат на колонну,2111,436,услуга + продукт
сертификат на партию,2111,434,услуга + продукт
сертификат квадроциклы,2111,422,услуга + продукт
сертификат личи,2111,413,услуга + продукт
сертификация адреса,2111,404,услуга + продукт
декларация персики,2111,390,услуга + продукт
сертификация ножей,2111,373,услуга + продукт
декларация конструкторы,2111,369,услуга + продукт
сертификат бумага,2111,334,услуга + продукт
сертификат бритва,2111,314,услуга + продукт
сертификат на ствол,2111,299,услуга + продукт
сертификат на брус,2111,297,услуга + продукт
сертификация сосудов под давлением,2111,296,услуга + продукт
сертификат на контрольную,2111,288,услуга + продукт
декларация фанеру,2111,287,услуга + продукт
сертификат аквариумы,2111,285,услуга + продукт
сертификация хлеба,2111,282,услуга + продукт
декларация асбест,2111,275,услуга + продукт
сертификат рессоры,2111,273,услуга + продукт
сертификат креветки,2111,266,услуга + продукт
декларация чёрной,2111,259,услуга + продукт
сертификат номер,2111,256,услуга + продукт
сертификация вил,2111,252,услуга + продукт
сертификат на сушилку,2111,250,услуга + продукт
сертификат мазута,2111,245,услуга + продукт
сертификат на душевую кабину,2111,239,услуга + продукт
сертификация обоев,2111,235,услуга + продукт
декларация складывающегося,2111,231,услуга + продукт
декларация духи,2111,230,услуга + продукт
декларация ножи,2111,219,услуга + продукт
сертификация муфты,2111,218,услуга + продукт
сертификат на очищенную,2111,213,услуга + продукт
сертификация акции,2111,205,услуга + продукт
сертификаты тест,2111,204,услуга + продукт
сертификаты калиев,2111,204,услуга + продукт
сертификация противопожарных дверей,2111,194,услуга + продукт
сертификат на живую,2111,194,услуга + продукт
сертификат инкубатора,2111,192,услуга + продукт
сертификация грунтовки,2111,189,услуга + продукт
сертификат на низковольтное оборудование,2111,186,услуга + продукт
сертификат на вино,2111,181,услуга + продукт
сертификат на живого,2111,175,услуга + продукт
сертификация гвоздя,2111,173,услуга + продукт
сертификация масло растительное,2111,173,услуга + продукт
сертификат ключницы,2111,172,услуга + продукт
сертификат грации,2111,171,услуга + продукт
сертификат на железы,2111,169,услуга + продукт
сертификат на бордюрный камень,2111,167,услуга + продукт
сертификат на сумах,2111,166,услуга + продукт
сертификация квадроциклов,2111,163,услуга + продукт
сертификат на прямую,2111,163,услуга + продукт
сертификация шин,2111,161,услуга + продукт
сертификат о,2111,158,услуга + продукт
декларация о,2111,158,услуга + продукт
декларация халяль,2111,157,услуга + продукт
декларация земли,2111,156,услуга + продукт
сертификат на известняк,2111,155,услуга + продукт
сертификат на кальку,2111,155,услуга + продукт
сертификация электроники,2111,144,услуга + продукт
сертификат на лазер,2111,140,услуга + продукт
сертификат в листа,2111,140,услуга + продукт
сертификат м,2111,138,услуга + продукт
сертификат ламинат,2111,137,услуга + продукт
сертификация резинового,2111,137,услуга + продукт
сертификат на снег,2111,135,услуга + продукт
декларация для медицинского,2111,135,услуга + продукт
декларация шампанское,2111,134,услуга + продукт
сертификат вольфрама,2111,130,услуга + продукт
сертификат корд,2111,130,услуга + продукт
сертификация лакокрасочной продукции,2111,130,услуга + продукт
сертификация утеплителя,2111,129,услуга + продукт
сертификат в листах,2111,129,услуга + продукт
сертификация гриля,2111,128,услуга + продукт
сертификат гранит,2111,128,услуга + продукт
сертификат кости,2111,124,услуга + продукт
сертификат сантехника,2111,124,услуга + продукт
сертификат козлова,2111,124,услуга + продукт
сертификация тест,2111,121,услуга + продукт
декларация пятерочку,2111,120,услуга + продукт
сертификат морозильника,2111,118,услуга + продукт
сертификат на поликарбонат,2111,117,услуга + продукт
сертификаты на луки репчатые,2111,116,услуга + продукт
сертификат автозапчасти,2111,113,услуга + продукт
сертификат травматического оружия,2111,113,услуга + продукт
сертификат программа,2111,111,услуга + продукт
сертификат желатин,2111,108,услуга + продукт
сертификат основание,2111,108,услуга + продукт
сертификат звонка,2111,107,услуга + продукт
сертификация закрывающегося,2111,105,услуга + продукт
сертификат на плетёную,2111,105,услуга + продукт
сертификат на паз,2111,104,услуга + продукт
декларация ювелирных изделий,2111,104,услуга + продукт
сертификация металлопроката,2111,103,услуга + продукт
сертификат на бассейн,2111,102,услуга + продукт
сертификат на вышивку,2111,102,услуга + продукт
сертификат на песок кварцевый,2111,100,услуга + продукт
сертификация спортивного питания,2111,100,услуга + продукт
сертификат на сплав,2111,98,услуга + продукт
декларация бензин,2111,98,услуга + продукт
сертификат масло растительное,2111,98,услуга + продукт
сертификация школьную мебель,2111,98,услуга + продукт
сертификация насосов,2111,97,услуга + продукт
сертификат на алмаз,2111,94,услуга + продукт
сертификат мягкие игрушки,2111,94,услуга + продукт
сертификат гофра,2111,93,услуга + продукт
сертификат бобра,2111,93,услуга + продукт
сертификат кинзы,2111,93,услуга + продукт
сертификат чабрец,2111,93,услуга + продукт
декларация повода,2111,93,услуга + продукт
декларация костюма спортивного,2111,91,услуга + продукт
сертификат на лист,2111,90,услуга + продукт
сертификат насоса ручного,2111,90,услуга + продукт
декларация чай,2111,90,услуга + продукт
сертификат на масляную краску,2111,90,услуга + продукт
сертификат на аппарат,2111,87,услуга + продукт
декларация бордо,2111,87,услуга + продукт
сертификат барды,2111,86,услуга + продукт
сертификат шпонки,2111,86,услуга + продукт
сертификат просечно вытяжной лист,2111,86,услуга + продукт
сертификация баков,2111,85,услуга + продукт
сертификат копченые,2111,84,услуга + продукт
сертификат на ди,2111,83,услуга + продукт
сертификат суши,2111,82,услуга + продукт
сертификат на сейф,2111,81,услуга + продукт
сертификация линолеума,2111,80,услуга + продукт
сертификат на генератор,2111,79,услуга + продукт
сертификат на состав огнезащитный,2111,79,услуга + продукт
сертификаты на отделочные материалы,2111,79,услуга + продукт
сертификат на мрамор,2111,79,услуга + продукт
сертификат толуол,2111,79,услуга + продукт
сертификация жёсткого,2111,79,услуга + продукт
сертификаты гранулированных шлаков,2111,77,услуга + продукт
сертификат сирена,2111,75,услуга + продукт
декларация трубопроводной арматуры,2111,73,услуга + продукт
сертификат гашеная,2111,73,услуга + продукт
сертификат на сок,2111,72,услуга + продукт
декларация кедровый орех,2111,72,услуга + продукт
сертификация раствора,2111,71,услуга + продукт
декларация гимнастики,2111,71,услуга + продукт
сертификация полезных ископаемых,2111,70,услуга + продукт
сертификат клементина,2111,70,услуга + продукт
сертификация промышленной продукции,2111,70,услуга + продукт
сертификат на колёса,2111,69,услуга + продукт
сертификат на аттракционы,2111,68,услуга + продукт
сертификат сливки,2111,67,услуга + продукт
сертификат на бумагу туалетную,2111,67,услуга + продукт
сертификат бензины авиационные,2111,67,услуга + продукт
сертификат пластмассовые,2111,66,услуга + продукт
сертификация кабелей,2111,65,услуга + продукт
декларация соус соевый,2111,65,услуга + продукт
сертификат вода,2111,65,услуга + продукт
сертификат карри,2111,64,услуга + продукт
сертификат обезжиренные,2111,64,услуга + продукт
сертификат на моющее средство,2111,63,услуга + продукт
сертификация пожарного оборудования,2111,62,услуга + продукт
сертификация битум,2111,62,услуга + продукт
сертификат пеностекло,2111,62,услуга + продукт
сертификация сетевого оборудования,2111,62,услуга + продукт
декларация купальника,2111,62,услуга + продукт
сертификат для игрушек,2111,62,услуга + продукт
декларация скраб для тела,2111,60,услуга + продукт
сертификат окалина,2111,60,услуга + продукт
сертификаты мин,2111,59,услуга + продукт
сертификат на упаковку,2111,59,услуга + продукт
сертификация сырья,2111,59,услуга + продукт
сертификат на гроб,2111,58,услуга + продукт
сертификат шахтной крепи,2111,58,услуга + продукт
сертификат на баллоны,2111,58,услуга + продукт
сертификат на толстовку,2111,56,услуга + продукт
сертификация порта,2111,54,услуга + продукт
сертификат гекса,2111,53,услуга + продукт
сертификат на пояс,2111,52,услуга + продукт
сертификат на вакцину,2111,52,услуга + продукт
сертификация холодного оружия,2111,51,услуга + продукт
сертификация крошки,2111,51,услуга + продукт
сертификат инженерных,2111,51,услуга + продукт
сертификат на яблоко,2111,50,услуга + продукт
сертификация земли,2111,49,услуга + продукт
сертификат на носовой платок,2111,49,услуга + продукт
декларация номер,2111,49,услуга + продукт
сертификат на клей казеиновый,2111,48,услуга + продукт
декларация казеин,2111,48,услуга + продукт
сертификат тантал,2111,48,услуга + продукт
декларация клюква,2111,48,услуга + продукт
сертификация пенициллина,2111,48,услуга + продукт
сертификация крюков,2111,47,услуга + продукт
декларация картина,2111,46,услуга + продукт
сертификат на свежее,2111,46,услуга + продукт
сертификат пентан,2111,46,услуга + продукт
сертификация бурового оборудования,2111,45,услуга + продукт
сертификация гипсокартона,2111,44,услуга + продукт
сертификация спермы,2111,44,услуга + продукт
сертификация отопительного прибора,2111,44,услуга + продукт
сертификат уголь активированный,2111,43,услуга + продукт
сертификация сети,2111,42,услуга + продукт
сертификат на водку,2111,42,услуга + продукт
декларация гостиница,2111,42,услуга + продукт
сертификация старых,2111,42,услуга + продукт
сертификат ди,2111,42,услуга + продукт
сертификат чернила,2111,41,услуга + продукт
сертификация стульев,2111,41,услуга + продукт
сертификат средства дезинфицирующего,2111,40,услуга + продукт
сертификат видеорегистратор,2111,40,услуга + продукт
декларация кофе,2111,40,услуга + продукт
сертификат упаковка,2111,39,услуга + продукт
декларация газета,2111,38,услуга + продукт
сертификат глина огнеупорная,2111,37,услуга + продукт
сертификат калька,2111,37,услуга + продукт
сертификат на прожектор,2111,36,услуга + продукт
сертификация портландцемента,2111,36,услуга + продукт
сертификат коляски для кукол,2111,36,услуга + продукт
сертификация магнето,2111,36,услуга + продукт
сертификация винного камня,2111,36,услуга + продукт
сертификаты фуллерен,2111,36,услуга + продукт
декларация на яблочное пюре,2111,36,услуга + продукт
сертификация навигационных приборов,2111,36,услуга + продукт
сертификат азотная кислота,2111,36,услуга + продукт
сертификат замки висячие,2111,36,услуга + продукт
сертификация тантал,2111,36,услуга + продукт
сертификация шаровых кранов,2111,36,услуга + продукт
декларация шорты,2111,36,услуга + продукт
декларация пояса,2111,36,услуга + продукт
декларация фетр,2111,36,услуга + продукт
сертификат на печь микроволновую,2111,36,услуга + продукт
сертификация каноэ,2111,36,услуга + продукт
сертификат кошки,2111,35,услуга + продукт
сертификат на вентиль,2111,35,услуга + продукт
сертификация брикета,2111,35,услуга + продукт
сертификация масок медицинских,2111,35,услуга + продукт
сертификат фарфор,2111,35,услуга + продукт
сертификат источники питания,2111,35,услуга + продукт
сертификации кондитерских изделий,2111,34,услуга + продукт
сертификат на самокат,2111,34,услуга + продукт
сертификация болтов,2111,34,услуга + продукт
сертификат на ножницы,2111,34,услуга + продукт
сертификация теплоизоляции,2111,34,услуга + продукт
сертификат на кофе жареный,2111,34,услуга + продукт
сертификация духи,2111,34,услуга + продукт
декларация нижнее белье,2111,34,услуга + продукт
сертификат навигатора,2111,33,услуга + продукт
сертификация уровня 2,2111,33,услуга + продукт
сертификат на скоросшиватель,2111,33,услуга + продукт
сертификат подъемники,2111,33,услуга + продукт
декларация wildberries,2111,33,услуга + продукт
сертификат на вентилятор,2111,32,услуга + продукт
декларация на строительный песок,2111,32,услуга + продукт
сертификат каноэ,2111,32,услуга + продукт
сертификат кислота борная,2111,32,услуга + продукт
сертификат томатная паста,2111,32,услуга + продукт
сертификат уровня,2111,31,услуга + продукт
сертификат на шланг,2111,31,услуга + продукт
сертификаты на крупы,2111,31,услуга + продукт
сертификат противогаз,2111,31,услуга + продукт
декларация звонков,2111,31,услуга + продукт
декларация лития,2111,31,услуга + продукт
сертификаты на перчатки,2111,30,услуга + продукт
декларация джинсы,2111,30,услуга + продукт
сертификат перчатки латексные,2111,30,услуга + продукт
сертификат помада,2111,30,услуга + продукт
сертификация химической продукции,2111,29,услуга + продукт
сертификация магнитов,2111,29,услуга + продукт
сертификация канцелярских товаров,2111,29,услуга + продукт
сертификат проволока алюминиевая,2111,29,услуга + продукт
декларация капуста,2111,29,услуга + продукт
сертификат на варочную панель,2111,29,услуга + продукт
сертификация фото,2111,29,услуга + продукт
сертификат на костюм,2111,28,услуга + продукт
сертификат пожарное оборудование,2111,28,услуга + продукт
декларация оружия,2111,28,услуга + продукт
сертификация газа,2111,27,услуга + продукт
сертификат на трость,2111,27,услуга + продукт
сертификат авокадо,2111,27,услуга + продукт
сертификация консервов рыбных,2111,27,услуга + продукт
сертификат нарукавники,2111,27,услуга + продукт
сертификат чехлы для телефонов,2111,27,услуга + продукт
сертификат на растворитель,2111,26,услуга + продукт
сертификат на сварку,2111,26,услуга + продукт
сертификат на муку,2111,26,услуга + продукт
сертификация вентиляционного оборудования,2111,26,услуга + продукт
сертификат перчатки медицинские,2111,26,услуга + продукт
декларация удобрения,2111,26,услуга + продукт
сертификат мешочная,2111,26,услуга + продукт
сертификат на танк,2111,25,услуга + продукт
сертификат на полотно,2111,25,услуга + продукт
декларация соус,2111,25,услуга + продукт
декларация белье постельное,2111,25,услуга + продукт
декларация поводья,2111,25,услуга + продукт
сертификат на кобальт,2111,24,услуга + продукт
сертификация яхты,2111,24,услуга + продукт
сертификат на метлу,2111,24,услуга + продукт
сертификат на воск пчелиный,2111,24,услуга + продукт
сертификат в шишки,2111,24,услуга + продукт
сертификация золы,2111,24,услуга + продукт
сертификация бусины,2111,24,услуга + продукт
сертификаты на гетры,2111,24,услуга + продукт
сертификация экранов проекционных,2111,24,услуга + продукт
сертификат оксида алюминия,2111,24,услуга + продукт
сертификация земснаряда,2111,24,услуга + продукт
сертификация слюды,2111,24,услуга + продукт
сертификат на висмут,2111,24,услуга + продукт
сертификация пеноблоков,2111,24,услуга + продукт
сертификация материалов кровельных,2111,24,услуга + продукт
сертификация бордюрного камня,2111,24,услуга + продукт
сертификация регуляторов роста растений,2111,24,услуга + продукт
сертификат палочки для еды,2111,24,услуга + продукт
сертификат на крем для ног,2111,24,услуга + продукт
декларация бутан,2111,24,услуга + продукт
сертификация жевательная резинка,2111,24,услуга + продукт
сертификат зола,2111,24,услуга + продукт
декларация корица,2111,24,услуга + продукт
сертификат метионин,2111,24,услуга + продукт
сертификат мочевина,2111,24,услуга + продукт
декларация мука,2111,24,услуга + продукт
сертификат питайя,2111,24,услуга + продукт
сертификат пропионовая кислота,2111,24,услуга + продукт
сертификат серная кислота,2111,24,услуга + продукт
декларация скрипка,2111,24,услуга + продукт
сертификат скрипка,2111,24,услуга + продукт
сертификат сульфат калий,2111,24,услуга + продукт
сертификат холодильники бытовые,2111,24,услуга + продукт
сертификат щавелевая кислота,2111,24,услуга + продукт
сертификация стирол,2111,24,услуга + продукт
декларация профиля,2111,24,услуга + продукт
сертификат на стельки,2111,24,услуга + продукт
сертификат на супы,2111,24,услуга + продукт
сертификация тепловых насосов,2111,24,услуга + продукт
сертификация клинкера цементного,2111,24,услуга + продукт
декларация арки,2111,24,услуга + продукт
сертификат спирт поливиниловый,2111,24,услуга + продукт
сертификат угольные щетки,2111,24,услуга + продукт
сертификация мучные кондитерские изделия,2111,24,услуга + продукт
сертификат оборудование переплетное,2111,24,услуга + продукт
декларация сельдерей корневой,2111,24,услуга + продукт
декларация счетчики числа оборотов,2111,24,услуга + продукт
декларация манекены для портных,2111,24,услуга + продукт
сертификат на хлор,2111,23,услуга + продукт
сертификация фитингов,2111,23,услуга + продукт
сертификация ограждений,2111,23,услуга + продукт
сертификация пластмасс,2111,23,услуга + продукт
сертификация аппарата слухового,2111,23,услуга + продукт
сертификат пемза,2111,23,услуга + продукт
декларация акции,2111,23,услуга + продукт
сертификат на холст,2111,22,услуга + продукт
декларация кабачки,2111,22,услуга + продукт
декларация сметана,2111,22,услуга + продукт
сертификат на морковь,2111,21,услуга + продукт
сертификация колесных дисков,2111,21,услуга + продукт
сертификация цветы,2111,21,услуга + продукт
сертификат на журналы,2111,21,услуга + продукт
сертификат монеты,2111,20,услуга + продукт
сертификат на гитару,2111,20,услуга + продукт
сертификат на туалет,2111,20,услуга + продукт
сертификация беспилотных летательных аппаратов,2111,20,услуга + продукт
сертификат на дельтаплан,2111,20,услуга + продукт
сертификация алмазов,2111,20,услуга + продукт
сертификат на сабвуфер,2111,20,услуга + продукт
декларация адаптеры,2111,20,услуга + продукт
декларация банки,2111,20,услуга + продукт
сертификат скотч малярный,2111,20,услуга + продукт
декларация шины,2111,20,услуга + продукт
декларация шторы,2111,20,услуга + продукт
декларация номеров,2111,20,услуга + продукт
декларация листов,2111,20,услуга + продукт
декларация таблеток,2111,20,услуга + продукт
сертификат на лыжи,2111,20,услуга + продукт
сертификат лайма,2111,19,услуга + продукт
сертификация языка,2111,19,услуга + продукт
сертификат кофемашина,2111,19,услуга + продукт
сертификат на в сбор,2111,19,услуга + продукт
сертификат на аппарат массажный,2111,19,услуга + продукт
сертификат лакокрасочные материалы,2111,19,услуга + продукт
сертификат листовка,2111,19,услуга + продукт
сертификат на мфу,2111,19,услуга + продукт
сертификат на маркер,2111,19,услуга + продукт
сертификат рисунки,2111,19,услуга + продукт
сертификация блока,2111,18,услуга + продукт
сертификат вакцины,2111,18,услуга + продукт
сертификат хирургии,2111,18,услуга + продукт
сертификаты на луки,2111,18,услуга + продукт
сертификат рукавицы,2111,18,услуга + продукт
сертификат белка,2111,18,услуга + продукт
сертификация колёс,2111,18,услуга + продукт
сертификация воздушных фильтров,2111,18,услуга + продукт
сертификация растворителя,2111,18,услуга + продукт
декларация навигаторы,2111,18,услуга + продукт
декларация упаковка,2111,18,услуга + продукт
сертификат малина,2111,18,услуга + продукт
декларация лазанья,2111,18,услуга + продукт
декларация садовая,2111,18,услуга + продукт
декларация души,2111,18,услуга + продукт
декларация сигарет,2111,18,услуга + продукт
сертификация материала,2111,17,услуга + продукт
сертификат кролика,2111,17,услуга + продукт
сертификат на шампунь,2111,17,услуга + продукт
сертификация эмали,2111,17,услуга + продукт
сертификация асфальта,2111,17,услуга + продукт
сертификаты на гвоздики,2111,17,услуга + продукт
сертификация напитков энергетических,2111,17,услуга + продукт
сертификат аппараты,2111,17,услуга + продукт
декларация творог,2111,17,услуга + продукт
декларация масло,2111,17,услуга + продукт
сертификат на соболя,2111,17,услуга + продукт
сертификат редис,2111,17,услуга + продукт
сертификат адгезивов,2111,17,услуга + продукт
сертификат с сиденьем,2111,17,услуга + продукт
сертификат программы,2111,16,услуга + продукт
сертификат папки,2111,16,услуга + продукт
сертификат фотографии,2111,16,услуга + продукт
сертификат граната,2111,16,услуга + продукт
сертификат ноты,2111,16,услуга + продукт
сертификация манометров,2111,16,услуга + продукт
сертификаты на витрины,2111,16,услуга + продукт
сертификат на зелень,2111,16,услуга + продукт
сертификат на ментол,2111,16,услуга + продукт
сертификации шоколадных конфет,2111,16,услуга + продукт
сертификация аппаратов сварочных,2111,16,услуга + продукт
сертификация бензин,2111,16,услуга + продукт
декларация ковры,2111,16,услуга + продукт
сертификат проволока медная,2111,16,услуга + продукт
декларация редька,2111,16,услуга + продукт
сертификат электроника,2111,16,услуга + продукт
декларация тест,2111,16,услуга + продукт
сертификат на электробритвы,2111,16,услуга + продукт
декларация красная,2111,16,услуга + продукт
сертификат окна,2111,15,услуга + продукт
сертификат пасты,2111,15,услуга + продукт
сертификат колонки,2111,15,услуга + продукт
сертификат на пакет,2111,15,услуга + продукт
сертификация ламп,2111,15,услуга + продукт
сертификация на чай,2111,15,услуга + продукт
сертификация блюда,2111,15,услуга + продукт
декларация щавелевую кислоту,2111,15,услуга + продукт
декларация консервированный персик,2111,15,услуга + продукт
сертификат кнопка,2111,15,услуга + продукт
декларация сухие строительные смеси,2111,15,услуга + продукт
сертификат фильтр для воды,2111,15,услуга + продукт
декларация черенки,2111,15,услуга + продукт
сертификат на стали,2111,15,услуга + продукт
декларация брюква,2111,15,услуга + продукт
сертификат коробки,2111,14,услуга + продукт
сертификаты сер,2111,14,услуга + продукт
сертификат на бамбук,2111,14,услуга + продукт
сертификат на планер,2111,14,услуга + продукт
сертификация плинтусов,2111,14,услуга + продукт
сертификат на для девочку,2111,14,услуга + продукт
сертификат смолы каменноугольной,2111,14,услуга + продукт
сертификат автокомпоненты,2111,14,услуга + продукт
декларация антрацит,2111,14,услуга + продукт
сертификат насосы,2111,14,услуга + продукт
декларация пальто,2111,14,услуга + продукт
сертификат протезы,2111,14,услуга + продукт
декларация самария,2111,14,услуга + продукт
сертификат секундомеры,2111,14,услуга + продукт
сертификация сэндвич панели,2111,14,услуга + продукт
декларация текстиль,2111,14,услуга + продукт
сертификат шприцы,2111,14,услуга + продукт
декларация эд,2111,14,услуга + продукт
декларация системы акустической,2111,14,услуга + продукт
сертификат на базилики,2111,14,услуга + продукт
сертификат детские,2111,14,услуга + продукт
сертификаты панелей,2111,13,услуга + продукт
сертификат огнетушителя,2111,13,услуга + продукт
сертификат на паром,2111,13,услуга + продукт
сертификат яхты,2111,13,услуга + продукт
сертификат женской одежды,2111,13,услуга + продукт
сертификат на рельс,2111,13,услуга + продукт
сертификат ската,2111,13,услуга + продукт
сертификат на картридж,2111,13,услуга + продукт
сертификат на винтовку,2111,13,услуга + продукт
сертификат на клапан предохранительный,2111,13,услуга + продукт
декларация на программное обеспечение,2111,13,услуга + продукт
сертификат сигары,2111,13,услуга + продукт
сертификация гранулы,2111,13,услуга + продукт
сертификация люцерна,2111,13,услуга + продукт
сертификат призма,2111,13,услуга + продукт
сертификат прокладка,2111,13,услуга + продукт
сертификат рабица,2111,13,услуга + продукт
декларация тонометр,2111,13,услуга + продукт
сертификат на ёмкости,2111,13,услуга + продукт
сертификат сахарин,2111,13,услуга + продукт
декларация жесткие,2111,13,услуга + продукт
декларация семена конопли,2111,13,услуга + продукт
декларация дисках,2111,13,услуга + продукт
сертификат электроэнергии,2111,12,услуга + продукт
сертификация контроллеров,2111,12,услуга + продукт
сертификация сеток,2111,12,услуга + продукт
сертификат шерсти,2111,12,услуга + продукт
сертификация цепи,2111,12,услуга + продукт
сертификат шасси,2111,12,услуга + продукт
сертификат на башню,2111,12,услуга + продукт
сертификат на краситель,2111,12,услуга + продукт
сертификация силовых установок,2111,12,услуга + продукт
сертификация пластин,2111,12,услуга + продукт
сертификат на расходомер,2111,12,услуга + продукт
сертификат на козырёк,2111,12,услуга + продукт
сертификация цистерны,2111,12,услуга + продукт
сертификация серебра,2111,12,услуга + продукт
декларация лимонный сок,2111,12,услуга + продукт
сертификат на лейкопластырь,2111,12,услуга + продукт
сертификаты на краны мостовые,2111,12,услуга + продукт
сертификат седла,2111,12,услуга + продукт
сертификат на гипохлорит,2111,12,услуга + продукт
сертификация ящиков,2111,12,услуга + продукт
декларация насос топливный,2111,12,услуга + продукт
сертификат на стол письменный,2111,12,услуга + продукт
сертификат на пинцет,2111,12,услуга + продукт
сертификат на антрацит,2111,12,услуга + продукт
сертификация снарядов,2111,12,услуга + продукт
сертификация вышивки,2111,12,услуга + продукт
сертификат на квас,2111,12,услуга + продукт
сертификат на сита,2111,12,услуга + продукт
сертификация гидроизоляции,2111,12,услуга + продукт
сертификация лазера,2111,12,услуга + продукт
сертификаты на ранцы,2111,12,услуга + продукт
декларация на обратный клапан,2111,12,услуга + продукт
сертификация боеприпаса,2111,12,услуга + продукт
сертификат на доломит,2111,12,услуга + продукт
сертификат на цирконий,2111,12,услуга + продукт
сертификация трамвайных путей,2111,12,услуга + продукт
сертификат на кабель коаксиальный,2111,12,услуга + продукт
сертификация газа природного,2111,12,услуга + продукт
сертификация токарных станков,2111,12,услуга + продукт
сертификация меча,2111,12,услуга + продукт
сертификат фрезерования,2111,12,услуга + продукт
сертификация труб пнд,2111,12,услуга + продукт
сертификация катализатора,2111,12,услуга + продукт
сертификация пигментов,2111,12,услуга + продукт
сертификация стенда испытательного,2111,12,услуга + продукт
сертификация аппаратов кассовых,2111,12,услуга + продукт
сертификат на домофон,2111,12,услуга + продукт
сертификат на культиватор,2111,12,услуга + продукт
сертификат на плод,2111,12,услуга + продукт
сертификат на ракетницу,2111,12,услуга + продукт
сертификация свинца,2111,12,услуга + продукт
сертификация электроприводов,2111,12,услуга + продукт
сертификация ацетона,2111,12,услуга + продукт
сертификация земснарядов,2111,12,услуга + продукт
сертификат на маргарин,2111,12,услуга + продукт
сертификаты монтерей,2111,12,услуга + продукт
сертификат на парик,2111,12,услуга + продукт
сертификат на тахеометр,2111,12,услуга + продукт
сертификация на хлеб,2111,12,услуга + продукт
сертификаты на экструдеры,2111,12,услуга + продукт
сертификат на сушилку для рук,2111,12,услуга + продукт
сертификат на кессон,2111,12,услуга + продукт
сертификат на пирометр,2111,12,услуга + продукт
сертификация разъединителей,2111,12,услуга + продукт
сертификат на скрепер,2111,12,услуга + продукт
сертификация кабелей волоконно оптических,2111,12,услуга + продукт
сертификация трехколёсного велосипеда,2111,12,услуга + продукт
декларация масло касторовое,2111,12,услуга + продукт
декларация масло кунжутное,2111,12,услуга + продукт
сертификат на стенд испытательный,2111,12,услуга + продукт
сертификация радиаторов биметаллических,2111,12,услуга + продукт
сертификация инвалидных колясок,2111,12,услуга + продукт
декларация беспилотный летательный аппарат,2111,12,услуга + продукт
сертификат на аммиак,2111,12,услуга + продукт
сертификат на бельтинг,2111,12,услуга + продукт
сертификация доломита,2111,12,услуга + продукт
сертификат лютеция,2111,12,услуга + продукт
сертификат на планировку,2111,12,услуга + продукт
сертификация эмбрионов,2111,12,услуга + продукт
сертификат на этилацетат,2111,12,услуга + продукт
сертификация искусственного камня,2111,12,услуга + продукт
декларация на нефть сырую,2111,12,услуга + продукт
сертификация индикаторных панелей,2111,12,услуга + продукт
сертификаты на цветные карандаши,2111,12,услуга + продукт
сертификация средств для волос,2111,12,услуга + продукт
сертификат на голубя,2111,12,услуга + продукт
сертификат на корейку,2111,12,услуга + продукт
сертификат на лаваш,2111,12,услуга + продукт
сертификация люпина,2111,12,услуга + продукт
сертификат на палаш,2111,12,услуга + продукт
сертификат на полисульфон,2111,12,услуга + продукт
сертификат на порох,2111,12,услуга + продукт
сертификат на теодолит,2111,12,услуга + продукт
сертификат на тяпку,2111,12,услуга + продукт
сертификация шляп,2111,12,услуга + продукт
сертификат шпули,2111,12,услуга + продукт
декларация на картофель свежий,2111,12,услуга + продукт
декларация желе фруктовое,2111,12,услуга + продукт
сертификат на камень точильный,2111,12,услуга + продукт
декларация дроблёный рис,2111,12,услуга + продукт
сертификация гидравлической жидкости,2111,12,услуга + продукт
сертификация одеял электрических,2111,12,услуга + продукт
декларация перец душистый,2111,12,услуга + продукт
сертификация топлива для реактивных двигателей,2111,12,услуга + продукт
сертификат азалия,2111,12,услуга + продукт
декларация алкотестер,2111,12,услуга + продукт
декларация арахис,2111,12,услуга + продукт
декларация бадьян,2111,12,услуга + продукт
декларация баклажаны,2111,12,услуга + продукт
декларация батат,2111,12,услуга + продукт
сертификат безалкогольное пиво,2111,12,услуга + продукт
сертификат бета аланин,2111,12,услуга + продукт
сертификат ванна,2111,12,услуга + продукт
декларация вино,2111,12,услуга + продукт
декларация выключатели,2111,12,услуга + продукт
сертификат голень,2111,12,услуга + продукт
сертификация дизельный двигатель,2111,12,услуга + продукт
декларация дневники,2111,12,услуга + продукт
декларация затвор дисковый,2111,12,услуга + продукт
декларация изоляторы,2111,12,услуга + продукт
декларация колы,2111,12,услуга + продукт
декларация комбикорм,2111,12,услуга + продукт
декларация компот,2111,12,услуга + продукт
декларация крепёж,2111,12,услуга + продукт
декларация круги шлифовальные,2111,12,услуга + продукт
декларация лактоза,2111,12,услуга + продукт
декларация маломерные суда,2111,12,услуга + продукт
сертификат масло кунжутное,2111,12,услуга + продукт
сертификация меласса,2111,12,услуга + продукт
декларация миндаль,2111,12,услуга + продукт
сертификат молибден,2111,12,услуга + продукт
сертификат мука ржаная,2111,12,услуга + продукт
сертификат муравьиная кислота,2111,12,услуга + продукт
сертификат оксид,2111,12,услуга + продукт
сертификат оптическое стекло,2111,12,услуга + продукт
сертификация осциллографы,2111,12,услуга + продукт
декларация панели,2111,12,услуга + продукт
сертификат паста алмазная,2111,12,услуга + продукт
сертификация патрубки,2111,12,услуга + продукт
декларация патчи,2111,12,услуга + продукт
сертификация перлит,2111,12,услуга + продукт
декларация пианино,2111,12,услуга + продукт
декларация подпяточники,2111,12,услуга + продукт
декларация пшеница твёрдая,2111,12,услуга + продукт
декларация реле,2111,12,услуга + продукт
декларация рожь,2111,12,услуга + продукт
декларация рукавицы,2111,12,услуга + продукт
декларация салициловая кислота,2111,12,услуга + продукт
сертификация седло,2111,12,услуга + продукт
сертификация сера,2111,12,услуга + продукт
сертификат сжатый воздух,2111,12,услуга + продукт
декларация смазки,2111,12,услуга + продукт
декларация соевые бобы,2111,12,услуга + продукт
декларация спортивная обувь,2111,12,услуга + продукт
декларация спред,2111,12,услуга + продукт
сертификат стеариновая кислота,2111,12,услуга + продукт
сертификат стирол,2111,12,услуга + продукт
декларация сушилки,2111,12,услуга + продукт
декларация сэндвич панели,2111,12,услуга + продукт
декларация тампоны,2111,12,услуга + продукт
сертификат токай,2111,12,услуга + продукт
декларация трентино,2111,12,услуга + продукт
декларация тумба,2111,12,услуга + продукт
сертификат турбина,2111,12,услуга + продукт
декларация ультрамарин,2111,12,услуга + продукт
декларация фосфорная кислота,2111,12,услуга + продукт
сертификация фотоплёнка,2111,12,услуга + продукт
декларация фурнитура,2111,12,услуга + продукт
сертификация целлюлоза,2111,12,услуга + продукт
сертификат шафран,2111,12,услуга + продукт
сертификация шёлк,2111,12,услуга + продукт
декларация шпроты,2111,12,услуга + продукт
декларация ягель,2111,12,услуга + продукт
сертификат металлокерамика,2111,12,услуга + продукт
декларация полка,2111,12,услуга + продукт
сертификат портновские ножницы,2111,12,услуга + продукт
декларация фрезы,2111,12,услуга + продукт
декларация газовой плиты,2111,12,услуга + продукт
декларация растений,2111,12,услуга + продукт
сертификат на элеваторы,2111,12,услуга + продукт
сертификат на тормоза,2111,12,услуга + продукт
сертификат на китов,2111,12,услуга + продукт
декларация семена подсолнечника,2111,12,услуга + продукт
декларация ваты,2111,12,услуга + продукт
сертификат на органическое удобрение,2111,12,услуга + продукт
декларация устройства ввода,2111,12,услуга + продукт
декларация для мотоцикла,2111,12,услуга + продукт
сертификат на шкивы,2111,12,услуга + продукт
сертификат на свиней,2111,12,услуга + продукт
сертификация трюфелей,2111,12,услуга + продукт
декларация джины,2111,12,услуга + продукт
сертификат на оправки,2111,12,услуга + продукт
сертификация антиквариата,2111,12,услуга + продукт
сертификация оксида цинка,2111,12,услуга + продукт
декларация профиля алюминиевого,2111,12,услуга + продукт
декларация концентрата пищевого,2111,12,услуга + продукт
сертификат на гормоны,2111,12,услуга + продукт
сертификат на подследники,2111,12,услуга + продукт
декларация полудрагоценных камней,2111,12,услуга + продукт
сертификат на лампу газоразрядную,2111,12,услуга + продукт
декларация гауда,2111,12,услуга + продукт
сертификат на реактор ядерный,2111,12,услуга + продукт
сертификат на лампу паяльную,2111,12,услуга + продукт
сертификация экстрактов солодовых,2111,12,услуга + продукт
сертификация фотовспышек,2111,12,услуга + продукт
сертификат на гамаши,2111,12,услуга + продукт
сертификат на трубку рентгеновскую,2111,12,услуга + продукт
сертификат счетчики газа,2111,12,услуга + продукт
сертификат уровень 2,2111,12,услуга + продукт
декларация безалкогольных напитков,2111,12,услуга + продукт
декларация мучные кондитерские изделия,2111,12,услуга + продукт
сертификация искусственные цветы,2111,12,услуга + продукт
декларация митенки,2111,12,услуга + продукт
сертификация гетры,2111,12,услуга + продукт
декларация двигатели переменного тока,2111,12,услуга + продукт
сертификат стрептомицин,2111,12,услуга + продукт
сертификация коробки передач,2111,12,услуга + продукт
сертификат счетчики числа оборотов,2111,12,услуга + продукт
сертификат скипидар сульфатный,2111,12,услуга + продукт
сертификат доски для виндсерфинга,2111,12,услуга + продукт
сертификат четыреххлористый углерод,2111,12,услуга + продукт
сертификация капсюли ударные,2111,12,услуга + продукт
сертификация леденцовая карамель,2111,12,услуга + продукт
сертификация пармиджано реджано,2111,12,услуга + продукт
декларация экстракты растительные,2111,12,услуга + продукт
декларация свечи накаливания,2111,12,услуга + продукт
декларация свистки,2111,12,услуга + продукт
декларация парикмахерские кресла,2111,12,услуга + продукт
декларация соевый шрот,2111,12,услуга + продукт
сертификаты тканей,2111,11,услуга + продукт
сертификат плинтуса,2111,11,услуга + продукт
сертификат на стену,2111,11,услуга + продукт
декларация этиловый спирт,2111,11,услуга + продукт
сертификат на зажим,2111,11,услуга + продукт
сертификат насадки,2111,11,услуга + продукт
сертификат на винт,2111,11,услуга + продукт
сертификат на хром,2111,11,услуга + продукт
сертификат киви,2111,11,услуга + продукт
сертификат на гриль,2111,11,услуга + продукт
сертификат на свинину,2111,11,услуга + продукт
сертификаты горнов,2111,11,услуга + продукт
сертификат на узел,2111,11,услуга + продукт
сертификация беспроводных наушников,2111,11,услуга + продукт
декларация брюки,2111,11,услуга + продукт
сертификат гелий,2111,11,услуга + продукт
декларация лампа,2111,11,услуга + продукт
декларация пульты,2111,11,услуга + продукт
декларация яблочные выжимки,2111,11,услуга + продукт
сертификация розеток,2111,10,услуга + продукт
сертификат полуприцепа,2111,10,услуга + продукт
сертификат педали,2111,10,услуга + продукт
сертификация свай,2111,10,услуга + продукт
сертификация сантехников,2111,10,услуга + продукт
сертификат на пчелу,2111,10,услуга + продукт
сертификат пчеловодства,2111,10,услуга + продукт
сертификат шкатулки,2111,10,услуга + продукт
декларация на лавровый лист,2111,10,услуга + продукт
декларация бывший в употреблении,2111,10,услуга + продукт
сертификация банковского оборудования,2111,10,услуга + продукт
сертификат жгуты,2111,10,услуга + продукт
сертификация иностранного оборудования,2111,10,услуга + продукт
сертификат котельная,2111,10,услуга + продукт
сертификат поливинилхлорид,2111,10,услуга + продукт
сертификат пушка,2111,10,услуга + продукт
сертификат на свечи зажигания,2111,10,услуга + продукт
декларация негазированные,2111,10,услуга + продукт
декларация уток,2111,10,услуга + продукт
сертификация полотенец,2111,9,услуга + продукт
сертификация айвы,2111,9,услуга + продукт
сертификаты литиев,2111,9,услуга + продукт
сертификат на пеньку,2111,9,услуга + продукт
сертификация уровня 6,2111,9,услуга + продукт
декларация горох,2111,9,услуга + продукт
сертификат очки солнцезащитные,2111,9,услуга + продукт
декларация розетки,2111,9,услуга + продукт
сертификация спасательные жилеты,2111,9,услуга + продукт
декларация спрей,2111,9,услуга + продукт
сертификат на румяна,2111,9,услуга + продукт
декларация ранцев,2111,9,услуга + продукт
декларация диоксид кремния,2111,9,услуга + продукт
сертификат на дефлектор,2111,8,услуга + продукт
сертификация электродов,2111,8,услуга + продукт
сертификат на катушку,2111,8,услуга + продукт
сертификат на ножку,2111,8,услуга + продукт
сертификат пучка,2111,8,услуга + продукт
сертификация на цемент,2111,8,услуга + продукт
сертификат на искусственный мех,2111,8,услуга + продукт
сертификация перевязочных материалов,2111,8,услуга + продукт
сертификат масло соевое,2111,8,услуга + продукт
сертификация ягоды,2111,8,услуга + продукт
сертификат на гражданскую,2111,8,услуга + продукт
сертификат на закрывающуюся,2111,8,услуга + продукт
декларация канального,2111,8,услуга + продукт
сертификат автомобильных дорогах,2111,8,услуга + продукт
сертификат магистральные,2111,8,услуга + продукт
декларация зернышек,2111,8,услуга + продукт
декларация оправы,2111,8,услуга + продукт
декларация моноэтаноламин,2111,8,услуга + продукт
сертификация вольфрама,2111,7,услуга + продукт
сертификат силиката,2111,7,услуга + продукт
сертификат на сухарь,2111,7,услуга + продукт
сертификат на шпагу,2111,7,услуга + продукт
сертификация древесного отхода,2111,7,услуга + продукт
декларация серную кислоту,2111,7,услуга + продукт
сертификация кирпича огнеупорного,2111,7,услуга + продукт
декларация кабель коаксиальный,2111,7,услуга + продукт
сертификация сосок пустышек,2111,7,услуга + продукт
декларация токарный станок,2111,7,услуга + продукт
декларация захваты,2111,7,услуга + продукт
декларация профиль,2111,7,услуга + продукт
декларация тапиока,2111,7,услуга + продукт
сертификация м,2111,7,услуга + продукт
сертификат на фенолфталеин,2111,7,услуга + продукт
сертификат кованые,2111,7,услуга + продукт
сертификация мате,2111,7,услуга + продукт
декларация мины,2111,7,услуга + продукт
сертификат канифоли,2111,6,услуга + продукт
сертификат карбида,2111,6,услуга + продукт
сертификат колена,2111,6,услуга + продукт
сертификат крекера,2111,6,услуга + продукт
сертификация обечайки,2111,6,услуга + продукт
сертификация стоматологий,2111,6,услуга + продукт
сертификация электроплит,2111,6,услуга + продукт
сертификат взрывчатого вещества,2111,6,услуга + продукт
сертификация уровня 3,2111,6,услуга + продукт
сертификация лёгкой атлетики,2111,6,услуга + продукт
сертификат кислоты борной,2111,6,услуга + продукт
декларация дробилки,2111,6,услуга + продукт
декларация инулин,2111,6,услуга + продукт
декларация колпаки,2111,6,услуга + продукт
декларация крыжовник,2111,6,услуга + продукт
декларация лаки,2111,6,услуга + продукт
сертификация одноразовая посуда,2111,6,услуга + продукт
декларация солома,2111,6,услуга + продукт
сертификат сцепление,2111,6,услуга + продукт
сертификат формованные,2111,6,услуга + продукт
сертификат полировальные,2111,6,услуга + продукт
сертификат карбонат бария,2111,6,услуга + продукт
сертификат акульи,2111,6,услуга + продукт
сертификация пятерочку,2111,6,услуга + продукт
декларация гибкие,2111,6,услуга + продукт
декларация отопления,2111,6,услуга + продукт
декларация печь электрическую,2111,6,услуга + продукт
декларация кость,2111,6,услуга + продукт
сертификат аккордеона,2111,5,услуга + продукт
сертификат на дистиллятор,2111,5,услуга + продукт
сертификат зерносушилки,2111,5,услуга + продукт
сертификация на конструктор,2111,5,услуга + продукт
сертификат на луковицу,2111,5,услуга + продукт
сертификация моллюсков,2111,5,услуга + продукт
сертификат нити,2111,5,услуга + продукт
сертификат олеума,2111,5,услуга + продукт
сертификация проектора,2111,5,услуга + продукт
сертификат распределителя,2111,5,услуга + продукт
сертификат на ступицу,2111,5,услуга + продукт
сертификат черепицы,2111,5,услуга + продукт
сертификация чипсов,2111,5,услуга + продукт
сертификат на электрофорез,2111,5,услуга + продукт
сертификат на якорь,2111,5,услуга + продукт
декларация замок висячий,2111,5,услуга + продукт
сертификат коробки передачи,2111,5,услуга + продукт
сертификат на масло касторовое,2111,5,услуга + продукт
сертификация машин литейных,2111,5,услуга + продукт
декларация счётчика газ,2111,5,услуга + продукт
декларация для час,2111,5,услуга + продукт
сертификат медицинской кровати,2111,5,услуга + продукт
сертификат на сушилку для белья,2111,5,услуга + продукт
декларация лапша,2111,5,услуга + продукт
декларация секундомеры,2111,5,услуга + продукт
сертификат скипидар живичный,2111,5,услуга + продукт
декларация тахограф,2111,5,услуга + продукт
декларация щитового оборудования,2111,5,услуга + продукт
сертификат на собранную,2111,5,услуга + продукт
сертификат на собранных,2111,5,услуга + продукт
декларация лосьона,2111,5,услуга + продукт
сертификат агар агар,2111,5,услуга + продукт
сертификат кларнеты,2111,5,услуга + продукт
сертификация нафталин,2111,5,услуга + продукт
декларация охлажденные,2111,5,услуга + продукт
декларация насекомые,2111,5,услуга + продукт
декларация грузовые суда,2111,5,услуга + продукт
декларация хлорбензол,2111,5,услуга + продукт
декларация летнее,2111,5,услуга + продукт
декларация керамическую плитку,2111,4,услуга + продукт
декларация водка,2111,4,услуга + продукт
сертификат на гидроцилиндр,2111,4,услуга + продукт
сертификат виндсёрфинга,2111,2,услуга + продукт
сертификат на корову,2111,2,услуга + продукт
сертификация китайская,2111,2,услуга + продукт
сертификация контакты,2111,2,услуга + продукт
сертификация wildberries,2111,2,услуга + продукт
сертификация гамма,2111,2,услуга + продукт
сертификат на нивелир,2111,1,услуга + продукт
сертификация дезодорантов,2111,1,услуга + продукт
сертификация душа,2111,1,услуга + продукт
сертификация кружево,2111,1,услуга + продукт
сертификат на тоник,2111,1,услуга + продукт
