Фраза,"""!"" [YW]",База [YW],Категория
сертификат в архангельске,2506,2506,услуга + город
сертификат махачкала,1965,1965,услуга + город
сертификат долгопрудный,1873,1873,услуга + город
сертификат в нижнекамске,1818,1818,услуга + город
сертификат в серпухове,1318,1318,услуга + город
сертификат каменск уральский,1241,1241,услуга + город
сертификат ноябрьск,1227,1227,услуга + город
сертификация в новосибирске,1204,5000,услуга + город
декларация в кирове,1157,1157,услуга + город
сертификат в артёме,1136,1136,услуга + город
сертификат ессентуки,1132,1132,услуга + город
сертификат москва,1040,602219,услуга + город
сертификат в пскове,1000,1000,услуга + город
сертификат в братске,952,952,услуга + город
сертификат щёлково,941,941,услуга + город
сертификат екатеринбург,770,110820,услуга + город
сертификат в старом осколе,756,756,услуга + город
сертификат нижний новгород,749,63395,услуга + город
сертификат качканар,749,749,услуга + город
сертификат элиста,733,733,услуга + город
сертификат в долгопрудном,681,681,услуга + город
сертификат в ковровом,674,674,услуга + город
сертификат воронеж,619,67133,услуга + город
сертификат иваново,604,24630,услуга + город
сертификат в альметьевске,584,584,услуга + город
сертификат в москве,579,359318,услуга + город
сертификат тюмень,558,55959,услуга + город
сертификат лермонтов,546,546,услуга + город
сертификат калининград,532,40897,услуга + город
декларация энгельс,530,530,услуга + город
сертификат курск,524,122982,услуга + город
сертификат казань,524,58409,услуга + город
сертификат в нальчике,520,520,услуга + город
сертификат омск,517,40609,услуга + город
декларация минеральные воды,516,516,услуга + город
сертификат белорецк,512,512,услуга + город
сертификация брест,510,510,услуга + город
сертификат в якутске,505,505,услуга + город
сертификация москва,495,32930,услуга + город
сертификат ижевск,480,36322,услуга + город
сертификат ярославль,470,36245,услуга + город
сертификация в лесной,464,464,услуга + город
сертификат новосибирск,445,93234,услуга + город
сертификат звенигород,443,443,услуга + город
сертификат новочебоксарск,443,443,услуга + город
сертификат в рыльске,440,440,услуга + город
сертификат рыльск,440,440,услуга + город
декларация симферополь,432,432,услуга + город
сертификат челябинск,431,54027,услуга + город
сертификат самара,427,54052,услуга + город
декларация казанская,417,37553,услуга + город
сертификация иваново,415,3893,услуга + город
сертификат копейск,406,406,услуга + город
сертификат рязань,403,30816,услуга + город
сертификат пермь,393,54754,услуга + город
сертификат фрязино,392,392,услуга + город
сертификат барнаул,391,24894,услуга + город
сертификат в электростали,388,388,услуга + город
сертификат тверь,387,25185,услуга + город
сертификат волгоград,385,35634,услуга + город
декларация заводской,385,385,услуга + город
сертификат нижнекамск,380,10166,услуга + город
сертификат минск,375,44635,услуга + город
сертификат юрга,365,365,услуга + город
сертификат мытищи,363,81675,услуга + город
декларация анапа,344,344,услуга + город
сертификат тайга,335,4271,услуга + город
сертификат саратов,334,43098,услуга + город
сертификат мичуринск,332,332,услуга + город
сертификат санкт петербург,327,71459,услуга + город
сертификат вологда,324,25033,услуга + город
сертификат кингисепп,316,316,услуга + город
сертификат петрозаводск,310,7298,услуга + город
сертификат в мытищах,309,43090,услуга + город
сертификат в евпатории,307,307,услуга + город
сертификат томск,299,19799,услуга + город
сертификат красноярск,296,60789,услуга + город
сертификат оренбург,296,21143,услуга + город
сертификат белгород,295,24245,услуга + город
сертификат ростов,288,69628,услуга + город
сертификат ульяновск,284,16881,услуга + город
сертификат бугульма,277,277,услуга + город
сертификат липецк,276,19920,услуга + город
сертификат брянск,276,18954,услуга + город
сертификат в лиде,276,276,услуга + город
сертификат орёл,275,14405,услуга + город
сертификация нижний новгород,275,4723,услуга + город
декларация асбест,275,275,услуга + город
сертификат тамбов,273,19799,услуга + город
сертификат краснодар,270,61601,услуга + город
декларация первоуральск,269,269,услуга + город
сертификат иркутск,268,32857,услуга + город
сертификация прогресс,267,5034,услуга + город
сертификат в салавате,266,266,услуга + город
сертификат хабаровск,261,28647,услуга + город
сертификация екатеринбург,255,6284,услуга + город
декларация полярный,253,253,услуга + город
сертификация владивосток,247,2589,услуга + город
сертификация иркутск,247,1211,услуга + город
сертификат ростов на дону,246,38853,услуга + город
декларация тихвин,242,242,услуга + город
сертификация новосибирск,241,8760,услуга + город
декларация всеволожск,241,241,услуга + город
сертификат сысерть,241,241,услуга + город
сертификат забайкальск,241,241,услуга + город
сертификат углич,239,239,услуга + город
декларация искитим,237,237,услуга + город
сертификат в ишиме,237,237,услуга + город
сертификат ржев,236,236,услуга + город
сертификат зеленодольск,235,235,услуга + город
сертификат в красноярске,228,24995,услуга + город
сертификат кострома,226,14121,услуга + город
сертификат в кстове,224,224,услуга + город
сертификат апатиты,221,221,услуга + город
декларация гатчина,219,219,услуга + город
декларация в калуге,218,218,услуга + город
сертификат киров,217,36413,услуга + город
сертификат александров,217,15512,услуга + город
сертификат батайск,214,214,услуга + город
сертификат в балакове,213,213,услуга + город
сертификат назарово,209,209,услуга + город
сертификация ижевск,208,2385,услуга + город
декларация в нее,207,207,услуга + город
сертификат в элисте,203,203,услуга + город
сертификат симферополь,202,20748,услуга + город
сертификация ставрополь,196,946,услуга + город
сертификация набережные челны,193,193,услуга + город
сертификат йошкар ола,191,8459,услуга + город
декларация солнечный,191,191,услуга + город
сертификат набережные челны,188,7996,услуга + город
декларация туймазы,187,187,услуга + город
сертификат свободы,187,187,услуга + город
сертификат чита,186,10616,услуга + город
сертификат в кисловодске,185,185,услуга + город
декларация елабуга,184,184,услуга + город
декларация семёнов,184,184,услуга + город
сертификат в бузулуке,184,184,услуга + город
сертификат горный,183,183,услуга + город
сертификация в орле,182,282,услуга + город
сертификат в калининграде,180,14371,услуга + город
сертификат усинск,180,180,услуга + город
сертификат новочеркасск,177,1466,услуга + город
сертификация краснодар,175,4293,услуга + город
сертификат в красногорском,175,175,услуга + город
сертификат в красногорске,175,175,услуга + город
сертификат красногорск,175,175,услуга + город
декларация стерлитамак,173,2230,услуга + город
сертификат белокуриха,172,172,услуга + город
сертификация в казани,168,1377,услуга + город
сертификат борисоглебск,168,168,услуга + город
сертификат смоленск,166,18491,услуга + город
сертификат неман,166,166,услуга + город
сертификат севастополь,163,24283,услуга + город
сертификат сочи,163,14115,услуга + город
сертификация в ставрополе,161,161,услуга + город
сертификат в новокуйбышевске,159,159,услуга + город
сертификат в перми,158,21254,услуга + город
декларация щёкино,158,158,услуга + город
сертификация самара,156,2394,услуга + город
сертификация махачкала,154,154,услуга + город
сертификат в ярославле,151,11806,услуга + город
сертификат в ноябрьске,151,151,услуга + город
сертификат гусь хрустальный,151,151,услуга + город
сертификат бирск,149,149,услуга + город
сертификат мурманск,147,15266,услуга + город
сертификат пенза,142,31431,услуга + город
сертификат новороссийск,142,9720,услуга + город
сертификат в щёлкове,142,142,услуга + город
декларация нефтекамск,139,727,услуга + город
сертификация в сочи,139,139,услуга + город
декларация дмитриев,139,139,услуга + город
декларация новокуйбышевск,135,135,услуга + город
сертификат владивосток,134,19987,услуга + город
сертификат кемерово,132,25028,услуга + город
сертификат тула,132,24617,услуга + город
сертификат череповец,129,12059,услуга + город
сертификат дзержинск,128,3567,услуга + город
сертификат в орле,127,6461,услуга + город
сертификация оренбург,127,1131,услуга + город
сертификат тольятти,126,14214,услуга + город
сертификация казань,126,4070,услуга + город
сертификация курск,126,980,услуга + город
сертификат искитим,124,124,услуга + город
сертификат в тюмени,123,18243,услуга + город
сертификат калуга,122,23581,услуга + город
сертификат ялта,122,5176,услуга + город
сертификат альметьевск,122,2747,услуга + город
сертификат в пионерском,122,122,услуга + город
сертификат пионерский,122,122,услуга + город
сертификат чебоксары,120,19694,услуга + город
декларация троицк,120,120,услуга + город
сертификат в саратове,118,14202,услуга + город
сертификат псков,117,11708,услуга + город
сертификат в воронеже,116,17327,услуга + город
сертификат губкинский,115,115,услуга + город
сертификация ростов на дону,114,2179,услуга + город
сертификат балашиха,112,4389,услуга + город
декларация в бузулуке,112,112,услуга + город
сертификат в качканаре,111,111,услуга + город
сертификат анжеро судженск,110,110,услуга + город
декларация муром,109,683,услуга + город
сертификат новокузнецк,107,12171,услуга + город
сертификация в твери,107,107,услуга + город
декларация чебаркуль,107,107,услуга + город
сертификация саратов,103,2507,услуга + город
сертификат великий новгород,100,6656,услуга + город
сертификат новый,99,314490,услуга + город
сертификация минск,97,3928,услуга + город
декларация урай,97,97,услуга + город
сертификат валдай,96,96,услуга + город
сертификат в казани,95,21121,услуга + город
сертификат в челябинске,95,17776,услуга + город
сертификат сыктывкар,95,8775,услуга + город
сертификация пенза,95,1337,услуга + город
сертификат владимир,94,19168,услуга + город
сертификат арзамас,93,2295,услуга + город
декларация кириши,93,93,услуга + город
сертификат муром,92,4388,услуга + город
сертификат гомель,89,8587,услуга + город
сертификат тобольск,89,2997,услуга + город
декларация остров,89,89,услуга + город
сертификация ростов,87,5090,услуга + город
сертификат в грозном,87,87,услуга + город
сертификат грозный,87,87,услуга + город
декларация ижевск,86,2519,услуга + город
сертификат бобров,86,86,услуга + город
сертификат ревда,84,1126,услуга + город
сертификация чебоксары,83,921,услуга + город
сертификат нижний тагил,82,6801,услуга + город
сертификат камышин,82,1016,услуга + город
декларация дюртюли,82,82,услуга + город
сертификат лиски,82,82,услуга + город
сертификат саранск,81,8164,услуга + город
декларация бирск,81,81,услуга + город
сертификат в новосибирске,80,41945,услуга + город
сертификация пермь,80,1873,услуга + город
сертификат бердск,79,2318,услуга + город
сертификат в самаре,78,23534,услуга + город
сертификат электросталь,78,2602,услуга + город
сертификат егорьевск,78,2076,услуга + город
сертификация ярославль,77,1235,услуга + город
сертификат ставрополь,76,14844,услуга + город
сертификат в светлогорске,76,76,услуга + город
сертификат елабуга,75,75,услуга + город
сертификат асбест,74,2034,услуга + город
сертификат городец,74,74,услуга + город
сертификация королёв,73,930,услуга + город
сертификация лида,73,73,услуга + город
сертификат в омске,72,18157,услуга + город
сертификат в смоленске,72,6960,услуга + город
сертификат рославль,72,72,услуга + город
сертификат в оренбурге,71,7432,услуга + город
сертификация воронеж,71,2449,услуга + город
сертификат старый оскол,70,3643,услуга + город
сертификат анапа,69,4959,услуга + город
сертификат в липецке,68,5946,услуга + город
сертификат в томске,68,5346,услуга + город
сертификат рыбинск,67,8049,услуга + город
сертификация санкт петербург,67,6328,услуга + город
сертификат одинцово,67,5358,услуга + город
сертификат ачинск,67,1790,услуга + город
сертификат прогресс,66,5206,услуга + город
сертификат в гродно,66,1372,услуга + город
сертификат донецк,65,27047,услуга + город
сертификация в калининграде,65,416,услуга + город
сертификация в рязани,65,65,услуга + город
сертификат братск,64,5535,услуга + город
сертификат миасс,64,2489,услуга + город
сертификация в ижевске,64,364,услуга + город
сертификат магнитогорск,63,6666,услуга + город
сертификат в екатеринбурге,62,41317,услуга + город
сертификат сургут,62,9382,услуга + город
декларация пенза,62,3494,услуга + город
сертификат кстово,62,923,услуга + город
сертификат камешково,62,62,услуга + город
сертификат ухта,60,1337,услуга + город
сертификат в бресте,59,2036,услуга + город
декларация чебоксары,58,3056,услуга + город
сертификат березники,58,1255,услуга + город
сертификат в новочеркасске,58,58,услуга + город
сертификат подольск,57,6138,услуга + город
сертификат серпухов,57,3464,услуга + город
декларация грязи,57,57,услуга + город
сертификат гродно,56,5074,услуга + город
сертификат в нижнем новгороде,55,25891,услуга + город
сертификат брест,55,8552,услуга + город
сертификат армавир,55,1816,услуга + город
сертификация тамбов,55,1154,услуга + город
декларация сургут,53,1571,услуга + город
сертификация старый оскол,53,53,услуга + город
сертификация уфа,52,1994,услуга + город
декларация вольск,52,52,услуга + город
сертификация павловский посад,52,52,услуга + город
сертификат в сочи,50,6751,услуга + город
декларация томск,50,2474,услуга + город
декларация шадринск,50,50,услуга + город
сертификат пограничный,50,50,услуга + город
сертификат солнечный,49,5450,услуга + город
сертификат барановичи,49,1635,услуга + город
декларация петрозаводск,49,49,услуга + город
сертификат энгельс,48,5711,услуга + город
декларация в уфе,48,2727,услуга + город
сертификация омск,48,1738,услуга + город
сертификат северск,48,648,услуга + город
декларация семилуки,48,132,услуга + город
сертификат чудово,48,120,услуга + город
сертификация электросталь,48,72,услуга + город
сертификация в тамбове,48,48,услуга + город
декларация в салавате,48,48,услуга + город
сертификат кинешма,48,48,услуга + город
сертификат могилёв,47,4760,услуга + город
сертификат куйбышев,47,734,услуга + город
сертификат сокол,46,37941,услуга + город
сертификат пересвет,46,1056,услуга + город
сертификация хабаровск,46,867,услуга + город
сертификат в твери,45,8601,услуга + город
сертификат тара,45,6021,услуга + город
сертификат благовещенск,45,4485,услуга + город
сертификат черкесск,45,2142,услуга + город
сертификат в краснодаре,43,23680,услуга + город
сертификат уссурийск,43,2210,услуга + город
сертификация белгород,43,1046,услуга + город
сертификат славянка,43,854,услуга + город
декларация мариинск,43,43,услуга + город
декларация зея,43,43,услуга + город
сертификат волжский,42,7703,услуга + город
сертификат абакан,42,6977,услуга + город
декларация ангарск,42,2076,услуга + город
сертификат норильск,42,1600,услуга + город
сертификат жуковский,42,1330,услуга + город
декларация кирово чепецк,42,274,услуга + город
сертификат клин,41,7132,услуга + город
сертификация ульяновск,41,1119,услуга + город
сертификат вязники,41,41,услуга + город
сертификация барнаул,40,725,услуга + город
сертификация абакан,40,582,услуга + город
декларация черногорск,40,40,услуга + город
сертификат кызыл,39,1641,услуга + город
сертификация тара,39,1468,услуга + город
сертификат лесосибирск,39,39,услуга + город
сертификат в череповце,38,2847,услуга + город
сертификат магадан,38,2255,услуга + город
декларация набережные челны,38,693,услуга + город
сертификация пятигорск,38,577,услуга + город
декларация в тобольске,38,38,услуга + город
сертификат кизляр,37,6274,услуга + город
декларация кемерово,37,2992,услуга + город
сертификат в рыбинске,37,1963,услуга + город
декларация в мичуринске,37,37,услуга + город
сертификат королёв,36,9878,услуга + город
сертификат ханты мансийск,36,2198,услуга + город
сертификат минусинск,36,890,услуга + город
сертификат в октябрьском,36,684,услуга + город
сертификат ивантеевка,36,444,услуга + город
декларация лиски,36,348,услуга + город
сертификат ермолино,36,216,услуга + город
сертификат алапаевск,36,192,услуга + город
сертификация волгодонск,36,168,услуга + город
сертификат алатырь,36,168,услуга + город
декларация губкинский,36,144,услуга + город
сертификат кушва,36,108,услуга + город
сертификат соль илецк,36,72,услуга + город
декларация в гае,36,36,услуга + город
сертификат в глазове,36,36,услуга + город
сертификат в севастополе,35,5727,услуга + город
сертификат геленджик,35,5377,услуга + город
сертификат нефтекамск,35,2560,услуга + город
сертификат дубна,35,1371,услуга + город
сертификат ступино,35,1190,услуга + город
сертификация в красноярске,35,598,услуга + город
сертификация архангельск,35,319,услуга + город
сертификат в речице,35,35,услуга + город
сертификат ковров,34,14752,услуга + город
сертификат сибирский,34,10921,услуга + город
декларация тольятти,34,1850,услуга + город
сертификация лабинск,34,34,услуга + город
сертификат в тольятти,33,5002,услуга + город
сертификат покров,33,3658,услуга + город
сертификат лысьва,33,416,услуга + город
сертификация якутск,33,327,услуга + город
сертификат артём,32,4641,услуга + город
сертификат в таганроге,32,3420,услуга + город
сертификат новополоцк,32,931,услуга + город
сертификация тверь,32,865,услуга + город
сертификат соликамск,32,308,услуга + город
сертификат в кирове,31,9456,услуга + город
сертификат балаково,31,3917,услуга + город
сертификат в петрозаводске,31,2345,услуга + город
декларация абакан,31,1004,услуга + город
сертификат салават,31,815,услуга + город
декларация глазов,31,265,услуга + город
сертификат мончегорск,31,31,услуга + город
сертификат в волгограде,30,12850,услуга + город
сертификат в иркутске,30,10888,услуга + город
сертификат в белгороде,30,9138,услуга + город
сертификат улан удэ,30,8192,услуга + город
сертификат луга,30,1983,услуга + город
сертификат в геленджике,30,1639,услуга + город
сертификат салехард,30,1494,услуга + город
сертификация в барнауле,30,450,услуга + город
сертификат таганрог,29,8648,услуга + город
сертификат архангельск,29,8327,услуга + город
сертификация красноярск,29,1949,услуга + город
сертификат новый уренгой,29,1839,услуга + город
сертификат в коломне,29,1836,услуга + город
сертификация томск,29,810,услуга + город
сертификация в липецке,29,29,услуга + город
сертификация коломна,29,29,услуга + город
сертификат добрянка,29,29,услуга + город
сертификат витебск,28,4924,услуга + город
сертификат гатчина,28,1878,услуга + город
сертификат туапсе,28,897,услуга + город
декларация салават,28,708,услуга + город
декларация канаш,28,85,услуга + город
сертификат пятигорск,27,3397,услуга + город
сертификация волгоград,27,1784,услуга + город
декларация куйбышев,27,297,услуга + город
сертификат кольчугино,26,3468,услуга + город
сертификация псков,26,813,услуга + город
сертификация в перми,26,587,услуга + город
сертификат павловский посад,26,447,услуга + город
сертификация новороссийск,26,268,услуга + город
сертификат северный,25,5672,услуга + город
сертификат в махачкале,25,2180,услуга + город
сертификат истра,25,1170,услуга + город
сертификат выкса,25,997,услуга + город
сертификат кузнецк,25,969,услуга + город
декларация сызрань,25,233,услуга + город
декларация нижний новгород,24,3300,услуга + город
сертификат боровичи,24,1934,услуга + город
сертификат в чехове,24,1176,услуга + город
сертификат сланцы,24,1163,услуга + город
декларация ханты мансийск,24,733,услуга + город
сертификат кировск,24,660,услуга + город
декларация серпухов,24,432,услуга + город
сертификат вольск,24,360,услуга + город
декларация ачинск,24,336,услуга + город
сертификат кыштым,24,252,услуга + город
декларация в череповце,24,240,услуга + город
сертификат снежинск,24,240,услуга + город
сертификат печора,24,216,услуга + город
сертификат в выксе,24,180,услуга + город
сертификат мегион,24,180,услуга + город
сертификация балашиха,24,168,услуга + город
сертификат сортавала,24,168,услуга + город
декларация ессентуки,24,144,услуга + город
сертификат в шелехове,24,132,услуга + город
сертификат людиново,24,120,услуга + город
сертификат усть кут,24,108,услуга + город
сертификация стерлитамак,24,72,услуга + город
декларация юрга,24,72,услуга + город
декларация в искитиме,24,72,услуга + город
сертификация в сургуте,24,60,услуга + город
сертификация бердск,24,36,услуга + город
декларация в магнитогорске,24,24,услуга + город
сертификация в таганроге,24,24,услуга + город
сертификат талица,24,24,услуга + город
сертификат курган,23,5720,услуга + город
декларация магнитогорск,23,2145,услуга + город
сертификация калининград,23,1278,услуга + город
сертификация сочи,23,1017,услуга + город
декларация усолье сибирское,23,135,услуга + город
сертификат в энгельсе,23,23,услуга + город
сертификат краснообск,23,23,услуга + город
сертификат полярный,22,2217,услуга + город
сертификат в анапе,22,1587,услуга + город
декларация арзамас,22,874,услуга + город
сертификация кострома,22,490,услуга + город
сертификация в саратове,22,425,услуга + город
сертификат октябрьский,22,22,услуга + город
сертификат октябрьское,22,22,услуга + город
декларация казань,21,6142,услуга + город
декларация иркутск,21,3141,услуга + город
сертификат в ялте,21,2111,услуга + город
декларация ставрополь,21,1608,услуга + город
сертификат в люберцах,21,984,услуга + город
сертификация вологда,21,659,услуга + город
сертификат тихорецк,21,658,услуга + город
декларация тимашёвск,21,21,услуга + город
сертификат нижневартовск,20,3798,услуга + город
декларация саранск,20,2030,услуга + город
сертификат златоуст,20,1881,услуга + город
сертификат кисловодск,20,1177,услуга + город
декларация нижний тагил,20,1024,услуга + город
сертификат сосновый бор,20,770,услуга + город
сертификат ефремов,20,695,услуга + город
сертификация в костроме,20,20,услуга + город
сертификация в москве,19,13104,услуга + город
декларация бузулук,19,658,услуга + город
сертификация в астрахани,19,19,услуга + город
сертификат в ижевске,18,9379,услуга + город
декларация иваново,18,6954,услуга + город
сертификат в чебоксарах,18,6228,услуга + город
сертификат владикавказ,18,5218,услуга + город
сертификат ногинск,18,2595,услуга + город
сертификат в магнитогорске,18,2487,услуга + город
декларация псков,18,1276,услуга + город
сертификат горячий ключ,18,931,услуга + город
сертификат ишим,18,694,услуга + город
сертификат саров,18,558,услуга + город
сертификация в белгороде,18,401,услуга + город
декларация лесной,17,93889,услуга + город
декларация москва,17,26791,услуга + город
сертификат в вологде,17,5273,услуга + город
сертификат бийск,17,2930,услуга + город
сертификация в екатеринбурге,17,1664,услуга + город
сертификат великие луки,17,1663,услуга + город
сертификат в химках,17,1142,услуга + город
сертификат в бийске,17,626,услуга + город
сертификат в барановичах,17,518,услуга + город
сертификат междуреченск,17,496,услуга + город
декларация в вологде,17,463,услуга + город
сертификация бобруйск,17,17,услуга + город
сертификат свободный,16,16904,услуга + город
сертификат в рязани,16,9314,услуга + город
сертификат в пензе,16,7955,услуга + город
сертификат в кемерово,16,7562,услуга + город
сертификат лесной,16,5278,услуга + город
сертификат в ставрополе,16,4596,услуга + город
декларация рязань,16,4531,услуга + город
сертификат раменское,16,3934,услуга + город
декларация белгород,16,3340,услуга + город
сертификация челябинск,16,2867,услуга + город
сертификат находка,16,1922,услуга + город
сертификация рязань,16,1047,услуга + город
сертификация улан удэ,16,642,услуга + город
сертификация магнитогорск,16,405,услуга + город
сертификация в брянске,16,33,услуга + город
сертификация бийск,16,16,услуга + город
сертификат усть катав,16,16,услуга + город
сертификат южно сахалинск,15,8891,услуга + город
сертификат в ульяновске,15,5401,услуга + город
сертификат стерлитамак,15,4491,услуга + город
сертификат в чите,15,4195,услуга + город
сертификат шахты,15,3945,услуга + город
сертификат керчь,15,2206,услуга + город
декларация архангельск,15,1444,услуга + город
сертификат тихвин,15,387,услуга + город
сертификат зеленоградск,15,180,услуга + город
сертификат мценск,15,15,услуга + город
сертификат астрахань,14,9675,услуга + город
сертификат в калуге,14,8688,услуга + город
декларация екатеринбург,14,5744,услуга + город
декларация новосибирск,14,5556,услуга + город
сертификат в гомеле,14,2924,услуга + город
сертификат нальчик,14,2075,услуга + город
сертификат комсомольск на амуре,14,1988,услуга + город
сертификат выборг,14,1423,услуга + город
сертификат минеральные воды,14,1377,услуга + город
декларация новый уренгой,14,415,услуга + город
сертификация витебск,14,232,услуга + город
декларация прокопьевск,14,203,услуга + город
декларация новороссийск,14,14,услуга + город
декларация чистополь,14,14,услуга + город
сертификат в ростове,13,24217,услуга + город
сертификат в минске,13,14832,услуга + город
сертификат остров,13,13292,услуга + город
сертификат в туле,13,9416,услуга + город
декларация ульяновск,13,2549,услуга + город
сертификация тюмень,13,1613,услуга + город
сертификат в пятигорске,13,973,услуга + город
сертификат светлогорск,13,877,услуга + город
декларация раменское,13,550,услуга + город
сертификация могилёв,13,347,услуга + город
сертификат слуцк,13,115,услуга + город
сертификация в владивостоке,13,13,услуга + город
декларация десногорск,13,13,услуга + город
декларация калининград,12,4426,услуга + город
декларация курск,12,2108,услуга + город
сертификат орск,12,1453,услуга + город
сертификат в орске,12,1128,услуга + город
сертификат гагарин,12,1044,услуга + город
сертификат горно алтайск,12,912,услуга + город
сертификат канск,12,864,услуга + город
декларация горный,12,768,услуга + город
сертификат в тобольске,12,720,услуга + город
декларация жуков,12,708,услуга + город
сертификат полевской,12,684,услуга + город
декларация яровое,12,540,услуга + город
сертификат в кызыле,12,528,услуга + город
сертификат в ангарске,12,523,услуга + город
сертификат в каменске уральском,12,504,услуга + город
сертификат в дербенте,12,504,услуга + город
сертификат можайск,12,504,услуга + город
сертификация в тюмени,12,497,услуга + город
сертификат гигант,12,492,услуга + город
сертификат новотроицк,12,492,услуга + город
сертификация в минске,12,486,услуга + город
декларация геленджик,12,480,услуга + город
сертификат ливны,12,480,услуга + город
сертификат лабинск,12,468,услуга + город
декларация гусев,12,396,услуга + город
сертификат в канске,12,384,услуга + город
сертификат маркс,12,360,услуга + город
сертификат усолье сибирское,12,324,услуга + город
сертификат красноуфимск,12,300,услуга + город
сертификат волхов,12,300,услуга + город
сертификат ирбит,12,288,услуга + город
сертификат яшкино,12,286,услуга + город
сертификат балашов,12,276,услуга + город
сертификат в ельце,12,264,услуга + город
декларация в анапе,12,252,услуга + город
сертификация ногинск,12,240,услуга + город
сертификация казанская,12,240,услуга + город
сертификат михайловск,12,240,услуга + город
сертификат шексна,12,240,услуга + город
сертификат мыски,12,240,услуга + город
сертификат воротынск,12,228,услуга + город
декларация кстово,12,216,услуга + город
декларация кольцово,12,216,услуга + город
сертификат печоры,12,216,услуга + город
сертификат михайловка,12,216,услуга + город
сертификат в шатуре,12,204,услуга + город
сертификация одинцово,12,192,услуга + город
сертификат в губкинском,12,192,услуга + город
сертификат сосновка,12,192,услуга + город
сертификат в минусинске,12,180,услуга + город
сертификат щёкино,12,180,услуга + город
сертификат балтийск,12,180,услуга + город
сертификация волжский,12,168,услуга + город
сертификат в невинномысске,12,156,услуга + город
сертификат в ишимбае,12,156,услуга + город
сертификат вятские поляны,12,156,услуга + город
сертификат нытва,12,156,услуга + город
сертификат рошаль,12,156,услуга + город
сертификация барановичи,12,144,услуга + город
сертификат в каменске шахтинском,12,144,услуга + город
сертификация в пензе,12,142,услуга + город
сертификация армавир,12,132,услуга + город
сертификация пушкино,12,132,услуга + город
декларация бородино,12,132,услуга + город
декларация в нефтекамске,12,108,услуга + город
декларация лида,12,108,услуга + город
сертификат в вязьме,12,108,услуга + город
декларация ленинск,12,96,услуга + город
сертификат в россоши,12,96,услуга + город
сертификат в ивантеевке,12,96,услуга + город
сертификат тарки,12,96,услуга + город
декларация нягань,12,84,услуга + город
сертификат в кукморе,12,84,услуга + город
сертификат таштагол,12,84,услуга + город
сертификат чегем,12,84,услуга + город
декларация в междуреченске,12,72,услуга + город
декларация ейск,12,72,услуга + город
декларация мелеуз,12,72,услуга + город
декларация тейково,12,72,услуга + город
сертификат электроугли,12,72,услуга + город
сертификация в курске,12,60,услуга + город
декларация шелехов,12,60,услуга + город
декларация губаха,12,60,услуга + город
декларация фёдоровский,12,60,услуга + город
сертификат в конаково,12,48,услуга + город
сертификат кимры,12,48,услуга + город
сертификат большой камень,12,48,услуга + город
сертификация энгельс,12,36,услуга + город
декларация в кызыле,12,36,услуга + город
сертификация евпатория,12,36,услуга + город
декларация в выксе,12,36,услуга + город
декларация в салехарде,12,36,услуга + город
декларация коркино,12,36,услуга + город
декларация в моздоке,12,36,услуга + город
сертификация сегежа,12,36,услуга + город
сертификат речица,12,36,услуга + город
сертификат скопин,12,36,услуга + город
декларация в сарове,12,24,услуга + город
декларация в баксане,12,24,услуга + город
декларация янаул,12,24,услуга + город
декларация суровикино,12,24,услуга + город
сертификат тейково,12,24,услуга + город
сертификация искитим,12,12,услуга + город
сертификация в анапе,12,12,услуга + город
сертификация протвино,12,12,услуга + город
сертификация калач,12,12,услуга + город
декларация баймак,12,12,услуга + город
сертификация в саракташе,12,12,услуга + город
сертификация новоспасское,12,12,услуга + город
сертификат в лобне,12,12,услуга + город
сертификат в могилёве,11,1332,услуга + город
сертификат прокопьевск,11,1149,услуга + город
сертификация киров,11,1022,услуга + город
сертификат новокуйбышевск,11,887,услуга + город
сертификат невинномысск,11,517,услуга + город
сертификация в омске,11,386,услуга + город
декларация выкса,11,372,услуга + город
декларация солнечногорск,11,141,услуга + город
декларация озёрск,11,64,услуга + город
сертификация горно алтайск,11,11,услуга + город
декларация астрахань,10,923,услуга + город
декларация домодедово,10,810,услуга + город
сертификат сибай,10,292,услуга + город
декларация новочебоксарск,10,132,услуга + город
сертификация в пятигорске,10,10,услуга + город
декларация данилов,10,10,услуга + город
сертификат солигорск,9,1630,услуга + город
декларация люберцы,9,390,услуга + город
сертификат надым,9,381,услуга + город
сертификация ковров,9,136,услуга + город
сертификация ангарск,9,9,услуга + город
декларация в раменском,9,9,услуга + город
декларация крымск,9,9,услуга + город
декларация белореченск,9,9,услуга + город
декларация яранск,9,9,услуга + город
сертификация калуга,8,605,услуга + город
сертификация в воронеже,8,455,услуга + город
сертификация тольятти,8,233,услуга + город
сертификация петрозаводск,8,75,услуга + город
сертификация ухта,8,8,услуга + город
декларация в домодедове,8,8,услуга + город
сертификат уруссу,8,8,услуга + город
сертификация кузнецк,7,7,услуга + город
декларация верхняя салда,7,7,услуга + город
сертификат алушта,7,7,услуга + город
сертификация в чите,6,6,услуга + город
сертификация майкоп,6,6,услуга + город
декларация кисловодск,6,6,услуга + город
декларация в кисловодске,6,6,услуга + город
сертификация муром,6,6,услуга + город
сертификация котлас,6,6,услуга + город
декларация сафоново,6,6,услуга + город
декларация семикаракорск,6,6,услуга + город
декларация щигры,6,6,услуга + город
декларация в щиграх,6,6,услуга + город
сертификация в чебоксарах,5,52,услуга + город
декларация в ставрополе,5,5,услуга + город
декларация химки,5,5,услуга + город
декларация мегион,5,5,услуга + город
декларация в мегионе,5,5,услуга + город
декларация дятьково,5,5,услуга + город
декларация бахчисарай,5,5,услуга + город
декларация суворов,5,5,услуга + город
декларация кувшиново,5,5,услуга + город
сертификация дмитриев,5,5,услуга + город
сертификация гигант,5,5,услуга + город
сертификат касимов,4,7,услуга + город
декларация подольск,4,4,услуга + город
сертификация сергиев посад,3,42,услуга + город
